chromosome	start	end	copyNumber	bafCount	observedBAF	baf	segmentStartSupport	segmentEndSupport	method	depthWindowCount	gcContent	minStart	maxStart	minorAlleleCopyNumber	majorAlleleCopyNumber	Ploidy	Purity
chr1	1	791524	3	0	0	0.7373	TELOMERE	SGL	STRUCTURAL_VARIANT	0	0	1	1	1	2	3.1	1
chr1	791525	24448676	3	4279	0.7113	0.7128	SGL	SGL	BAF_WEIGHTED	19611	0.4876	1	791525	1	2	3.1	1
chr1	24448677	24448688	5	0	0	0.849	SGL	SGL	STRUCTURAL_VARIANT	0	0	24448677	24448677	1	4	3.1	1
chr1	24448689	29553843	3	773	0.7076	0.7092	SGL	SGL	BAF_WEIGHTED	4655	0.4739	24448689	24448689	1	2	3.1	1
chr1	29553844	29553844	9	0	0	0.9065	SGL	INF	STRUCTURAL_VARIANT	0	0	29553844	29553844	1	8	3.1	1
chr1	29553845	33814477	3	541	0.7132	0.7147	INF	SGL	BAF_WEIGHTED	4020	0.4727	29553845	29553845	1	2	3.1	1
chr1	33814478	33814490	4	0	0	0.7628	SGL	SGL	STRUCTURAL_VARIANT	0	0	33814478	33814478	1	3	3.1	1
chr1	33814491	36750200	3	379	0.7069	0.7084	SGL	SGL	BAF_WEIGHTED	2789	0.4492	33814491	33814491	1	2	3.1	1
chr1	36750201	36750209	5	0	0	0.8352	SGL	SGL	STRUCTURAL_VARIANT	0	0	36750201	36750201	1	4	3.1	1
chr1	36750210	37446227	3	60	0.7108	0.7123	SGL	SGL	BAF_WEIGHTED	667	0.4815	36750210	36750210	1	2	3.1	1
chr1	37446228	37446239	4	0	0	0.774	SGL	SGL	STRUCTURAL_VARIANT	0	0	37446228	37446228	1	3	3.1	1
chr1	37446240	39281485	3	224	0.7052	0.7066	SGL	SGL	BAF_WEIGHTED	1745	0.4586	37446240	37446240	1	2	3.1	1
chr1	39281486	39281490	5	0	0	0.8227	SGL	SGL	STRUCTURAL_VARIANT	0	0	39281486	39281486	1	4	3.1	1
chr1	39281491	47743079	3	1390	0.7125	0.714	SGL	SGL	BAF_WEIGHTED	7732	0.4527	39281491	39281491	1	2	3.1	1
chr1	47743080	75237857	3	4468	0.7082	0.7097	SGL	SGL	BAF_WEIGHTED	25945	0.3983	47743080	47743080	1	2	3.1	1
chr1	75237858	75237867	4	0	0	0.8044	SGL	SGL	STRUCTURAL_VARIANT	0	0	75237858	75237858	1	3	3.1	1
chr1	75237868	78865512	3	463	0.7141	0.7156	SGL	SGL	BAF_WEIGHTED	3392	0.3811	75237868	75237868	1	2	3.1	1
chr1	78865513	78865517	4	0	0	0.784	SGL	SGL	STRUCTURAL_VARIANT	0	0	78865513	78865513	1	3	3.1	1
chr1	78865518	81846356	3	589	0.7088	0.7103	SGL	SGL	BAF_WEIGHTED	2821	0.3557	78865518	78865518	1	2	3.1	1
chr1	81846357	81846369	6	0	0	0.8523	SGL	SGL	STRUCTURAL_VARIANT	0	0	81846357	81846357	1	5	3.1	1
chr1	81846370	86871328	3	1042	0.7082	0.7097	SGL	BND	BAF_WEIGHTED	4394	0.3777	81846370	81846370	1	2	3.1	1
chr1	86871329	89317842	2	476	1	1.005	BND	SGL	BAF_WEIGHTED	2298	0.3833	86871329	86871329	0	2	3.1	1
chr1	89317843	89317854	5	0	0	1.0017	SGL	SGL	STRUCTURAL_VARIANT	0	0	89317843	89317843	0	5	3.1	1
chr1	89317855	117973563	2	5208	0.9997	1.0047	SGL	DEL	BAF_WEIGHTED	26432	0.3904	89317855	89317855	0	2	3.1	1
chr1	117973564	117973598	1	0	0	1.0079	DEL	DEL	STRUCTURAL_VARIANT	0	0	117973564	117973564	0	1	3.1	1
chr1	117973599	123605522	2	382	1	1.005	DEL	CENTROMERE	BAF_WEIGHTED	1879	0.3958	117973599	117973599	0	2	3.1	1
chr1	123605523	123657825	2	0	0	1.0067	CENTROMERE	SGL	STRUCTURAL_VARIANT	0	0	123605523	123605523	0	2	3.1	1
chr1	123657826	125070744	2	0	0	1.005	SGL	SGL	BAF_WEIGHTED	93	0.3785	123657826	123657826	0	2	3.1	1
chr1	125070745	125162000	2	0	0	1.0046	SGL	NONE	BAF_WEIGHTED	4	0.3487	125070745	125070745	0	2	3.1	1
chr1	125162001	150074673	4	76	1	1.0026	NONE	SGL	BAF_WEIGHTED	1378	0.4258	125162001	125162001	0	4	3.1	1
chr1	150074674	150074690	10	0	0	1.001	SGL	SGL	STRUCTURAL_VARIANT	0	0	150074674	150074674	0	10	3.1	1
chr1	150074691	150990244	4	312	1	1.0027	SGL	SGL	BAF_WEIGHTED	866	0.4389	150074691	150074691	0	4	3.1	1
chr1	150990245	150990253	8	0	0	1.0013	SGL	SGL	STRUCTURAL_VARIANT	0	0	150990245	150990245	0	8	3.1	1
chr1	150990254	159449767	4	1896	1	1.0026	SGL	SGL	BAF_WEIGHTED	7612	0.445	150990254	150990254	0	4	3.1	1
chr1	159449768	174363864	4	2384	1	1.0026	SGL	SGL	BAF_WEIGHTED	13717	0.4025	159449768	159449768	0	4	3.1	1
chr1	174363865	174363874	6	0	0	1.0017	SGL	SGL	STRUCTURAL_VARIANT	0	0	174363865	174363865	0	6	3.1	1
chr1	174363875	178979045	4	540	1	1.0026	SGL	SGL	BAF_WEIGHTED	4324	0.4023	174363875	174363875	0	4	3.1	1
chr1	178979046	178979050	7	0	0	1.0014	SGL	SGL	STRUCTURAL_VARIANT	0	0	178979046	178979046	0	7	3.1	1
chr1	178979051	182071084	4	741	1	1.0026	SGL	SGL	BAF_WEIGHTED	2893	0.4183	178979051	178979051	0	4	3.1	1
chr1	182071085	182071094	7	0	0	1.0014	SGL	SGL	STRUCTURAL_VARIANT	0	0	182071085	182071085	0	7	3.1	1
chr1	182071095	196184409	4	2886	1	1.0026	SGL	SGL	BAF_WEIGHTED	13421	0.3627	182071095	182071095	0	4	3.1	1
chr1	196184410	196184498	3	0	0	1.0031	SGL	BND	STRUCTURAL_VARIANT	0	0	196184410	196184410	0	3	3.1	1
chr1	196184499	202835995	4	1363	1	1.0026	BND	SGL	BAF_WEIGHTED	5996	0.4007	196184499	196184499	0	4	3.1	1
chr1	202835996	207807886	4	688	1	1.0026	SGL	DEL	BAF_WEIGHTED	4396	0.4567	202835996	202835996	0	4	3.1	1
chr1	207807887	207841474	3	0	0	1.0034	DEL	DEL	BAF_WEIGHTED	33	0.4951	207807887	207807887	0	3	3.1	1
chr1	207841475	217740158	4	1525	1	1.0026	DEL	SGL	BAF_WEIGHTED	9447	0.4035	207841475	207841475	0	4	3.1	1
chr1	217740159	217740165	8	0	0	1.0013	SGL	SGL	STRUCTURAL_VARIANT	0	0	217740159	217740159	0	8	3.1	1
chr1	217740166	224458900	4	1712	1	1.0026	SGL	DUP	BAF_WEIGHTED	6130	0.3987	217740166	217740166	0	4	3.1	1
chr1	224458901	224595093	6	17	1	1.0017	DUP	DEL	BAF_WEIGHTED	133	0.4259	224458901	224458901	0	6	3.1	1
chr1	224595094	224598331	4	4	1	1.0025	DEL	DEL	BAF_WEIGHTED	2	0.4305	224595094	224595094	0	4	3.1	1
chr1	224598332	224612418	6	4	1	1.0017	DEL	DUP	BAF_WEIGHTED	13	0.4196	224598332	224598332	0	6	3.1	1
chr1	224612419	225964673	4	90	1	1.0026	DUP	SGL	BAF_WEIGHTED	1259	0.4195	224612419	224612419	0	4	3.1	1
chr1	225964674	225964674	5	0	0	1.0019	SGL	INF	STRUCTURAL_VARIANT	0	0	225964674	225964674	0	5	3.1	1
chr1	225964675	227129702	4	155	1	1.0026	INF	SGL	BAF_WEIGHTED	1102	0.4512	225964675	225964675	0	4	3.1	1
chr1	227129703	227129703	5	0	0	1.002	SGL	INF	STRUCTURAL_VARIANT	0	0	227129703	227129703	0	5	3.1	1
chr1	227129704	227275241	4	0	0	1.0026	INF	SGL	BAF_WEIGHTED	138	0.3621	227129704	227129704	0	4	3.1	1
chr1	227275242	227275255	7	0	0	1.0015	SGL	SGL	STRUCTURAL_VARIANT	0	0	227275242	227275242	0	7	3.1	1
chr1	227275256	233672549	4	1223	1	1.0026	SGL	SGL	BAF_WEIGHTED	5828	0.4375	227275256	227275256	0	4	3.1	1
chr1	233672550	235035872	4	340	1	1.0025	SGL	SGL	BAF_WEIGHTED	1264	0.4279	233672550	233672550	0	4	3.1	1
chr1	235035873	245374089	4	2462	1	1.0026	SGL	DEL	BAF_WEIGHTED	9515	0.4019	235035873	235035873	0	4	3.1	1
chr1	245374090	245374124	2	0	0	1.0041	DEL	DEL	STRUCTURAL_VARIANT	0	0	245374090	245374090	0	2	3.1	1
chr1	245374125	246402367	4	122	1	1.0026	DEL	SGL	BAF_WEIGHTED	958	0.418	245374125	245374125	0	4	3.1	1
chr1	246402368	246402378	5	0	0	1.002	SGL	SGL	STRUCTURAL_VARIANT	0	0	246402368	246402368	0	5	3.1	1
chr1	246402379	246818004	4	138	1	1.0026	SGL	INF	BAF_WEIGHTED	368	0.4332	246402379	246402379	0	4	3.1	1
chr1	246818005	246818005	9	0	0	1.0011	INF	SGL	STRUCTURAL_VARIANT	0	0	246818005	246818005	0	9	3.1	1
chr1	246818006	247169540	4	46	1	1.0026	SGL	INF	BAF_WEIGHTED	313	0.4178	246818006	246818006	0	4	3.1	1
chr1	247169541	247169541	7	0	0	1.0012	INF	SGL	STRUCTURAL_VARIANT	0	0	247169541	247169541	0	7	3.1	1
chr1	247169542	248956422	4	337	0.9994	1.002	SGL	TELOMERE	BAF_WEIGHTED	1298	0.3988	247169542	247169542	0	4	3.1	1
chr2	1	19548640	3	4286	0.6646	0.6657	TELOMERE	SGL	BAF_WEIGHTED	18352	0.4194	1	1	1	2	3.1	1
chr2	19548641	19548655	5	0	0	0.7909	SGL	SGL	STRUCTURAL_VARIANT	0	0	19548641	19548641	1	4	3.1	1
chr2	19548656	29168838	3	1871	0.6683	0.6694	SGL	SGL	BAF_WEIGHTED	9182	0.4315	19548656	19548656	1	2	3.1	1
chr2	29168839	29168849	5	0	0	0.8	SGL	SGL	STRUCTURAL_VARIANT	0	0	29168839	29168839	1	4	3.1	1
chr2	29168850	30800162	3	452	0.674	0.6751	SGL	SGL	BAF_WEIGHTED	1586	0.4309	29168850	29168850	1	2	3.1	1
chr2	30800163	30835592	3	17	0.6381	0.639	SGL	SGL	BAF_WEIGHTED	29	0.4382	30800163	30800163	1	2	3.1	1
chr2	30835593	30835595	5	0	0	0.7889	SGL	SGL	STRUCTURAL_VARIANT	0	0	30835593	30835593	1	4	3.1	1
chr2	30835596	35951280	3	1865	0.6675	0.6687	SGL	SGL	BAF_WEIGHTED	4753	0.3903	30835596	30835596	1	2	3.1	1
chr2	35951281	35951289	5	0	0	0.7941	SGL	SGL	STRUCTURAL_VARIANT	0	0	35951281	35951281	1	4	3.1	1
chr2	35951290	41852348	3	1114	0.6659	0.667	SGL	SGL	BAF_WEIGHTED	5540	0.3901	35951290	35951290	1	2	3.1	1
chr2	41852349	47092156	3	1242	0.6651	0.6662	SGL	INF	BAF_WEIGHTED	5050	0.4308	41852349	41852349	1	2	3.1	1
chr2	47092157	47092157	4	0	0	0.776	INF	SGL	STRUCTURAL_VARIANT	0	0	47092157	47092157	1	3	3.1	1
chr2	47092158	53232924	3	1487	0.6712	0.6723	SGL	SGL	BAF_WEIGHTED	5844	0.3779	47092158	47092158	1	2	3.1	1
chr2	53232925	53232925	4	0	0	0.7448	SGL	INF	STRUCTURAL_VARIANT	0	0	53232925	53232925	1	3	3.1	1
chr2	53232926	57020813	3	1222	0.6671	0.6682	INF	SGL	BAF_WEIGHTED	3582	0.3902	53232926	53232926	1	2	3.1	1
chr2	57020814	57020818	5	0	0	0.8135	SGL	SGL	STRUCTURAL_VARIANT	0	0	57020814	57020814	1	4	3.1	1
chr2	57020819	57223907	3	30	0.6636	0.6648	SGL	SGL	BAF_WEIGHTED	185	0.3567	57020819	57020819	1	2	3.1	1
chr2	57223908	57223924	5	0	0	0.7917	SGL	SGL	STRUCTURAL_VARIANT	0	0	57223908	57223908	1	4	3.1	1
chr2	57223925	62730663	3	1398	0.6663	0.6675	SGL	SGL	BAF_WEIGHTED	5233	0.3934	57223925	57223925	1	2	3.1	1
chr2	62730664	62730865	2	0	0	0.5188	SGL	SGL	STRUCTURAL_VARIANT	0	0	62730664	62730664	1	1	3.1	1
chr2	62730866	63552089	3	115	0.6598	0.6609	SGL	SGL	BAF_WEIGHTED	763	0.3696	62730866	62730866	1	2	3.1	1
chr2	63552090	63552091	5	0	0	0.8006	SGL	SGL	STRUCTURAL_VARIANT	0	0	63552090	63552090	1	4	3.1	1
chr2	63552092	70570567	3	1216	0.6702	0.6713	SGL	SGL	BAF_WEIGHTED	6653	0.4084	63552092	63552092	1	2	3.1	1
chr2	70570568	70570581	4	0	0	0.739	SGL	SGL	STRUCTURAL_VARIANT	0	0	70570568	70570568	1	3	3.1	1
chr2	70570582	82746050	3	2151	0.6652	0.6663	SGL	SGL	BAF_WEIGHTED	11270	0.3914	70570582	70570582	1	2	3.1	1
chr2	82746051	82746064	4	0	0	0.7308	SGL	SGL	STRUCTURAL_VARIANT	0	0	82746051	82746051	1	3	3.1	1
chr2	82746065	85108247	3	262	0.6758	0.677	SGL	BND	BAF_WEIGHTED	2227	0.3773	82746065	82746065	1	2	3.1	1
chr2	85108248	89789176	3	593	0.6691	0.6703	BND	SGL	BAF_WEIGHTED	2370	0.4444	85108248	85108248	1	2	3.1	1
chr2	89789177	91423360	3	0	0	0.6743	SGL	SGL	BAF_WEIGHTED	38	0.4078	89789177	89789177	1	2	3.1	1
chr2	91423361	92836675	3	0	0	0.7142	SGL	SGL	BAF_WEIGHTED	5	0.494	91423361	91423361	1	2	3.1	1
chr2	92836676	92887799	3	0	0	0.6949	SGL	SGL	STRUCTURAL_VARIANT	0	0	92836676	92836676	1	2	3.1	1
chr2	92887800	93139350	3	0	0	0.644	SGL	CENTROMERE	STRUCTURAL_VARIANT	0	0	92887800	92887800	1	2	3.1	1
chr2	93139351	105485095	3	1165	0.6667	0.6678	CENTROMERE	SGL	BAF_WEIGHTED	8877	0.423	93139351	93139351	1	2	3.1	1
chr2	105485096	105485109	4	0	0	0.7249	SGL	SGL	STRUCTURAL_VARIANT	0	0	105485096	105485096	1	3	3.1	1
chr2	105485110	121327671	3	3230	0.667	0.6681	SGL	SGL	BAF_WEIGHTED	12921	0.4157	105485110	105485110	1	2	3.1	1
chr2	121327672	121327685	4	0	0	0.7209	SGL	SGL	STRUCTURAL_VARIANT	0	0	121327672	121327672	1	3	3.1	1
chr2	121327686	132218515	3	2197	0.6688	0.6699	SGL	SGL	BAF_WEIGHTED	8713	0.4124	121327686	121327686	1	2	3.1	1
chr2	132218516	132218704	3	0	0	0.713	SGL	SGL	STRUCTURAL_VARIANT	0	0	132218516	132218516	1	2	3.1	1
chr2	132218705	132244309	3	1	0.7653	0.7671	SGL	SGL	BAF_WEIGHTED	6	0.3625	132218705	132218705	1	2	3.1	1
chr2	132244310	132245643	3	0	0	0.6377	SGL	SGL	STRUCTURAL_VARIANT	0	0	132244310	132244310	1	2	3.1	1
chr2	132245644	132393752	3	13	0.6622	0.6633	SGL	SGL	BAF_WEIGHTED	35	0.4313	132245644	132245644	1	2	3.1	1
chr2	132393753	133492144	3	237	0.6702	0.6713	SGL	SGL	BAF_WEIGHTED	1054	0.4021	132393753	132393753	1	2	3.1	1
chr2	133492145	133492145	4	0	0	0.7524	SGL	INF	STRUCTURAL_VARIANT	0	0	133492145	133492145	1	3	3.1	1
chr2	133492146	136769585	3	373	0.6717	0.6728	INF	SGL	BAF_WEIGHTED	3087	0.4106	133492146	133492146	1	2	3.1	1
chr2	136769586	136769595	4	0	0	0.7357	SGL	SGL	STRUCTURAL_VARIANT	0	0	136769586	136769586	1	3	3.1	1
chr2	136769596	138623213	3	392	0.6667	0.6678	SGL	SGL	BAF_WEIGHTED	1723	0.3743	136769596	136769596	1	2	3.1	1
chr2	138623214	138623218	4	0	0	0.735	SGL	SGL	STRUCTURAL_VARIANT	0	0	138623214	138623214	1	3	3.1	1
chr2	138623219	140776490	3	573	0.664	0.6651	SGL	SGL	BAF_WEIGHTED	2083	0.3576	138623219	138623219	1	2	3.1	1
chr2	140776491	140776492	5	0	0	0.8055	SGL	SGL	STRUCTURAL_VARIANT	0	0	140776491	140776491	1	4	3.1	1
chr2	140776493	141517283	3	132	0.6698	0.671	SGL	INF	BAF_WEIGHTED	716	0.3494	140776493	140776493	1	2	3.1	1
chr2	141517284	141517284	4	0	0	0.7498	INF	SGL	STRUCTURAL_VARIANT	0	0	141517284	141517284	1	3	3.1	1
chr2	141517285	155671335	3	1831	0.6674	0.6685	SGL	SGL	BAF_WEIGHTED	13444	0.3704	141517285	141517285	1	2	3.1	1
chr2	155671336	155671348	2	0	0	0.5708	SGL	SGL	STRUCTURAL_VARIANT	0	0	155671336	155671336	1	1	3.1	1
chr2	155671349	186344268	3	5151	0.6676	0.6687	SGL	SGL	BAF_WEIGHTED	28841	0.3776	155671349	155671349	1	2	3.1	1
chr2	186344269	186344322	2	0	0	0.5343	SGL	SGL	STRUCTURAL_VARIANT	0	0	186344269	186344269	1	1	3.1	1
chr2	186344323	192069988	3	573	0.6677	0.6688	SGL	INF	BAF_WEIGHTED	5443	0.3695	186344323	186344323	1	2	3.1	1
chr2	192069989	192069989	5	0	0	0.7883	INF	SGL	STRUCTURAL_VARIANT	0	0	192069989	192069989	1	4	3.1	1
chr2	192069990	206094699	3	1805	0.6668	0.6679	SGL	SGL	BAF_WEIGHTED	13220	0.3824	192069990	192069990	1	2	3.1	1
chr2	206094700	206094700	4	0	0	0.7513	SGL	INF	STRUCTURAL_VARIANT	0	0	206094700	206094700	1	3	3.1	1
chr2	206094701	206675125	3	204	0.6635	0.6646	INF	INF	BAF_WEIGHTED	548	0.4002	206094701	206094701	1	2	3.1	1
chr2	206675126	206675126	4	0	0	0.7595	INF	SGL	STRUCTURAL_VARIANT	0	0	206675126	206675126	1	3	3.1	1
chr2	206675127	209396019	3	507	0.6684	0.6695	SGL	SGL	BAF_WEIGHTED	2489	0.3927	206675127	206675127	1	2	3.1	1
chr2	209396020	209396030	4	0	0	0.7268	SGL	SGL	STRUCTURAL_VARIANT	0	0	209396020	209396020	1	3	3.1	1
chr2	209396031	214336911	3	961	0.665	0.6661	SGL	SGL	BAF_WEIGHTED	4713	0.358	209396031	209396031	1	2	3.1	1
chr2	214336912	214336917	4	0	0	0.7284	SGL	SGL	STRUCTURAL_VARIANT	0	0	214336912	214336912	1	3	3.1	1
chr2	214336918	217410502	3	641	0.6631	0.6641	SGL	SGL	BAF_WEIGHTED	2960	0.4078	214336918	214336918	1	2	3.1	1
chr2	217410503	217410529	4	0	0	0.7505	SGL	SGL	STRUCTURAL_VARIANT	0	0	217410503	217410503	1	3	3.1	1
chr2	217410530	218711870	3	363	0.6593	0.6604	SGL	SGL	BAF_WEIGHTED	1221	0.4643	217410530	217410530	1	2	3.1	1
chr2	218711871	218711879	5	0	0	0.7852	SGL	SGL	STRUCTURAL_VARIANT	0	0	218711871	218711871	1	4	3.1	1
chr2	218711880	226608315	3	1677	0.6698	0.6709	SGL	SGL	BAF_WEIGHTED	7522	0.4049	218711880	218711880	1	2	3.1	1
chr2	226608316	226608316	5	0	0	0.8113	SGL	INF	STRUCTURAL_VARIANT	0	0	226608316	226608316	1	4	3.1	1
chr2	226608317	226661436	3	0	0	0.675	INF	INF	BAF_WEIGHTED	52	0.4107	226608317	226608317	1	2	3.1	1
chr2	226661437	226661437	5	0	0	0.8076	INF	SGL	STRUCTURAL_VARIANT	0	0	226661437	226661437	1	4	3.1	1
chr2	226661438	230855235	3	722	0.6657	0.6669	SGL	INF	BAF_WEIGHTED	3948	0.4008	226661438	226661438	1	2	3.1	1
chr2	230855236	230855236	4	0	0	0.7391	INF	SGL	STRUCTURAL_VARIANT	0	0	230855236	230855236	1	3	3.1	1
chr2	230855237	242193529	3	2500	0.6669	0.668	SGL	TELOMERE	BAF_WEIGHTED	9986	0.4726	230855237	230855237	1	2	3.1	1
chr3	1	9300170	2	3027	0.9998	1.0048	TELOMERE	SGL	BAF_WEIGHTED	8567	0.3904	1	1	0	2	3.1	1
chr3	9300171	9300185	4	0	0	1.0026	SGL	SGL	STRUCTURAL_VARIANT	0	0	9300171	9300171	0	4	3.1	1
chr3	9300186	10908511	2	254	0.9987	1.0037	SGL	SGL	BAF_WEIGHTED	1497	0.4713	9300186	9300186	0	2	3.1	1
chr3	10908512	10908520	4	0	0	1.0017	SGL	SGL	STRUCTURAL_VARIANT	0	0	10908512	10908512	0	4	3.1	1
chr3	10908521	11599558	2	135	1	1.0051	SGL	SGL	BAF_WEIGHTED	659	0.4569	10908521	10908521	0	2	3.1	1
chr3	11599559	11599587	1	0	0	1	SGL	SGL	STRUCTURAL_VARIANT	0	0	11599559	11599559	0	1	3.1	1
chr3	11599588	12095300	2	60	1	1.0051	SGL	SGL	BAF_WEIGHTED	447	0.4288	11599588	11599588	0	2	3.1	1
chr3	12095301	12095573	3	0	0	1.003	SGL	SGL	STRUCTURAL_VARIANT	0	0	12095301	12095301	0	3	3.1	1
chr3	12095574	24523615	2	2647	0.9998	1.0048	SGL	INV	BAF_WEIGHTED	11594	0.4068	12095574	12095574	0	2	3.1	1
chr3	24523616	24524689	6	0	0	0.6642	INV	INV	STRUCTURAL_VARIANT	0	0	24523616	24523616	2	4	3.1	1
chr3	24524690	25290092	10	201	0.7981	0.7987	INV	SGL	BAF_WEIGHTED	741	0.3751	24524690	24524690	2	8	3.1	1
chr3	25290093	25359111	12	30	0.8298	0.8303	SGL	BND	BAF_WEIGHTED	60	0.3998	25290093	25290093	2	10	3.1	1
chr3	25359112	25359568	10	0	0	0.7996	BND	BND	STRUCTURAL_VARIANT	0	0	25359112	25359112	2	8	3.1	1
chr3	25359569	25494253	8	67	0.7509	0.7515	BND	SGL	BAF_WEIGHTED	131	0.4008	25359569	25359569	2	6	3.1	1
chr3	25494254	26390426	8	46	0.7481	0.7487	SGL	BND	BAF_WEIGHTED	837	0.3846	25494254	25494254	2	6	3.1	1
chr3	26390427	26622430	12	3	0.8241	0.8247	BND	INV	BAF_WEIGHTED	202	0.3741	26390427	26390427	2	10	3.1	1
chr3	26622431	26623008	8	0	0	0.7498	INV	INV	STRUCTURAL_VARIANT	0	0	26622431	26622431	2	6	3.1	1
chr3	26623009	27767915	4	168	0.5292	0.503	INV	SGL	BAF_WEIGHTED	1050	0.3899	26623009	26623009	2	2	3.1	1
chr3	27767916	27767916	6	0	0	0.6611	SGL	INF	STRUCTURAL_VARIANT	0	0	27767916	27767916	2	4	3.1	1
chr3	27767917	29180692	4	222	0.5304	0.503	INF	SGL	BAF_WEIGHTED	1333	0.3731	27767917	27767917	2	2	3.1	1
chr3	29180693	29180696	6	0	0	0.6532	SGL	SGL	STRUCTURAL_VARIANT	0	0	29180693	29180693	2	4	3.1	1
chr3	29180697	29198397	4	0	0	0.5107	SGL	SGL	BAF_WEIGHTED	17	0.3651	29180697	29180697	2	2	3.1	1
chr3	29198398	29198408	7	0	0	0.6944	SGL	SGL	STRUCTURAL_VARIANT	0	0	29198398	29198398	2	5	3.1	1
chr3	29198409	29495163	4	73	0.5294	0.5102	SGL	SGL	BAF_WEIGHTED	287	0.3652	29198409	29198409	2	2	3.1	1
chr3	29495164	29495169	5	0	0	0.6279	SGL	SGL	STRUCTURAL_VARIANT	0	0	29495164	29495164	2	3	3.1	1
chr3	29495170	37708652	4	1628	0.5296	0.5057	SGL	SGL	BAF_WEIGHTED	7772	0.3932	29495170	29495170	2	2	3.1	1
chr3	37708653	37708675	3	0	0	0.6166	SGL	SGL	STRUCTURAL_VARIANT	0	0	37708653	37708653	1	2	3.1	1
chr3	37708676	40562279	4	314	0.5347	0.5046	SGL	SGL	BAF_WEIGHTED	2613	0.429	37708676	37708676	2	2	3.1	1
chr3	40562280	40562291	6	0	0	0.6468	SGL	SGL	STRUCTURAL_VARIANT	0	0	40562280	40562280	2	4	3.1	1
chr3	40562292	41692537	4	101	0.5314	0.5097	SGL	SGL	BAF_WEIGHTED	1063	0.4078	40562292	40562292	2	2	3.1	1
chr3	41692538	41692559	4	0	0	0.5323	SGL	SGL	STRUCTURAL_VARIANT	0	0	41692538	41692538	2	2	3.1	1
chr3	41692560	55094191	4	1354	0.5315	0.5037	SGL	SGL	BAF_WEIGHTED	12392	0.4539	41692560	41692560	2	2	3.1	1
chr3	55094192	55094198	6	0	0	0.6531	SGL	SGL	STRUCTURAL_VARIANT	0	0	55094192	55094192	2	4	3.1	1
chr3	55094199	60147026	4	817	0.5313	0.5064	SGL	DEL	BAF_WEIGHTED	4803	0.4141	55094199	55094199	2	2	3.1	1
chr3	60147027	60218814	3	11	0.6739	0.6751	DEL	DEL	BAF_WEIGHTED	70	0.3893	60147027	60147027	1	2	3.1	1
chr3	60218815	60886452	4	142	0.5285	0.5103	DEL	DEL	BAF_WEIGHTED	643	0.383	60218815	60218815	2	2	3.1	1
chr3	60886453	61027541	3	43	0.6869	0.6882	DEL	DEL	BAF_WEIGHTED	124	0.3782	60886453	60886453	1	2	3.1	1
chr3	61027542	63510934	4	383	0.5324	0.5075	DEL	INF	BAF_WEIGHTED	2366	0.3985	61027542	61027542	2	2	3.1	1
chr3	63510935	63510935	5	0	0	0.6159	INF	SGL	STRUCTURAL_VARIANT	0	0	63510935	63510935	2	3	3.1	1
chr3	63510936	82095702	4	3573	0.5314	0.5051	SGL	SGL	BAF_WEIGHTED	17081	0.3842	63510936	63510936	2	2	3.1	1
chr3	82095703	82095712	6	0	0	0.6418	SGL	SGL	STRUCTURAL_VARIANT	0	0	82095703	82095703	2	4	3.1	1
chr3	82095713	89615238	4	2031	0.53	0.503	SGL	SGL	BAF_WEIGHTED	7086	0.3479	82095713	82095713	2	2	3.1	1
chr3	89615239	90596127	4	12	0.5307	0.5124	SGL	INF	BAF_WEIGHTED	670	0.359	89615239	89615239	2	2	3.1	1
chr3	90596128	90596128	6	0	0	0.6678	INF	SGL	STRUCTURAL_VARIANT	0	0	90596128	90596128	2	4	3.1	1
chr3	90596129	90685331	5	0	0	0.6131	SGL	INF	NON_DIPLOID	78	0.3522	90596129	90596129	2	3	3.1	1
chr3	90685332	90685332	7	0	0	0.6911	INF	SGL	STRUCTURAL_VARIANT	0	0	90685332	90685332	2	5	3.1	1
chr3	90685333	90709954	6	0	0	0.6398	SGL	SGL	NON_DIPLOID	23	0.351	90685333	90685333	2	4	3.1	1
chr3	90709955	91080142	5	0	0	0.6175	SGL	SGL	NON_DIPLOID	5	0.358	90709955	90709955	2	3	3.1	1
chr3	91080143	91080143	7	0	0	0.7007	SGL	INF	STRUCTURAL_VARIANT	0	0	91080143	91080143	2	5	3.1	1
chr3	91080144	92214015	4	0	0	0.5309	INF	CENTROMERE	BAF_WEIGHTED	26	0.3573	91080144	91080144	2	2	3.1	1
chr3	92214016	98196242	4	1471	0.5294	0.5028	CENTROMERE	SGL	BAF_WEIGHTED	4060	0.3543	92214016	92214016	2	2	3.1	1
chr3	98196243	98196243	15	0	0	0.8659	SGL	INF	STRUCTURAL_VARIANT	0	0	98196243	98196243	2	13	3.1	1
chr3	98196244	111993483	4	2269	0.5305	0.5059	INF	SGL	BAF_WEIGHTED	12984	0.371	98196244	98196244	2	2	3.1	1
chr3	111993484	111993488	5	0	0	0.6126	SGL	SGL	STRUCTURAL_VARIANT	0	0	111993484	111993484	2	3	3.1	1
chr3	111993489	112606567	4	124	0.5343	0.511	SGL	SGL	BAF_WEIGHTED	560	0.3831	111993489	111993489	2	2	3.1	1
chr3	112606568	113328300	4	79	0.5315	0.5064	SGL	SGL	BAF_WEIGHTED	673	0.4031	112606568	112606568	2	2	3.1	1
chr3	113328301	113328303	5	0	0	0.6357	SGL	SGL	STRUCTURAL_VARIANT	0	0	113328301	113328301	2	3	3.1	1
chr3	113328304	114184642	4	208	0.5279	0.5017	SGL	SGL	BAF_WEIGHTED	814	0.3953	113328304	113328304	2	2	3.1	1
chr3	114184643	114184650	5	0	0	0.6234	SGL	SGL	STRUCTURAL_VARIANT	0	0	114184643	114184643	2	3	3.1	1
chr3	114184651	119025406	4	693	0.5273	0.5042	SGL	SGL	BAF_WEIGHTED	4635	0.3714	114184651	114184651	2	2	3.1	1
chr3	119025407	119025420	6	0	0	0.648	SGL	SGL	STRUCTURAL_VARIANT	0	0	119025407	119025407	2	4	3.1	1
chr3	119025421	143646531	4	4075	0.533	0.5037	SGL	SGL	BAF_WEIGHTED	22318	0.4215	119025421	119025421	2	2	3.1	1
chr3	143646532	143646535	3	0	0	0.6176	SGL	SGL	STRUCTURAL_VARIANT	0	0	143646532	143646532	1	2	3.1	1
chr3	143646536	150245168	4	1670	0.5292	0.5066	SGL	SGL	BAF_WEIGHTED	6211	0.3646	143646536	143646536	2	2	3.1	1
chr3	150245169	150245169	5	0	0	0.622	SGL	INF	STRUCTURAL_VARIANT	0	0	150245169	150245169	2	3	3.1	1
chr3	150245170	155248417	4	919	0.5309	0.5031	INF	SGL	BAF_WEIGHTED	4706	0.3771	150245170	150245170	2	2	3.1	1
chr3	155248418	155248418	5	0	0	0.6288	SGL	INF	STRUCTURAL_VARIANT	0	0	155248418	155248418	2	3	3.1	1
chr3	155248419	156100582	4	99	0.5302	0.5072	INF	SGL	BAF_WEIGHTED	799	0.397	155248419	155248419	2	2	3.1	1
chr3	156100583	156100595	6	0	0	0.6635	SGL	SGL	STRUCTURAL_VARIANT	0	0	156100583	156100583	2	4	3.1	1
chr3	156100596	171765022	4	3029	0.5298	0.5045	SGL	SGL	BAF_WEIGHTED	14691	0.3712	156100596	156100596	2	2	3.1	1
chr3	171765023	171908583	4	24	0.5349	0.5126	SGL	SGL	BAF_WEIGHTED	139	0.3986	171765023	171765023	2	2	3.1	1
chr3	171908584	171908595	6	0	0	0.651	SGL	SGL	STRUCTURAL_VARIANT	0	0	171908584	171908584	2	4	3.1	1
chr3	171908596	174692946	4	334	0.5317	0.5049	SGL	SGL	BAF_WEIGHTED	2693	0.3717	171908596	171908596	2	2	3.1	1
chr3	174692947	174692960	6	0	0	0.6587	SGL	SGL	STRUCTURAL_VARIANT	0	0	174692947	174692947	2	4	3.1	1
chr3	174692961	175132821	4	25	0.5294	0.5141	SGL	SGL	BAF_WEIGHTED	414	0.3544	174692961	174692961	2	2	3.1	1
chr3	175132822	186724386	4	1935	0.5311	0.5048	SGL	DEL	BAF_WEIGHTED	10974	0.3979	175132822	175132822	2	2	3.1	1
chr3	186724387	186756167	4	35	0.5397	0.5379	DEL	SGL	BAF_WEIGHTED	31	0.4216	186724387	186724387	2	2	3.1	1
chr3	186756168	186756178	5	0	0	0.643	SGL	SGL	STRUCTURAL_VARIANT	0	0	186756168	186756168	2	3	3.1	1
chr3	186756179	186795843	4	2	0.5489	0.5491	SGL	DEL	BAF_WEIGHTED	37	0.4376	186756179	186756179	2	2	3.1	1
chr3	186795844	188180800	4	402	0.5343	0.5025	DEL	SGL	BAF_WEIGHTED	1307	0.4212	186795844	186795844	2	2	3.1	1
chr3	188180801	188180810	5	0	0	0.6102	SGL	SGL	STRUCTURAL_VARIANT	0	0	188180801	188180801	2	3	3.1	1
chr3	188180811	191112551	4	782	0.5303	0.5045	SGL	INF	BAF_WEIGHTED	2812	0.3794	188180811	188180811	2	2	3.1	1
chr3	191112552	191112552	5	0	0	0.6283	INF	SGL	STRUCTURAL_VARIANT	0	0	191112552	191112552	2	3	3.1	1
chr3	191112553	191583300	4	125	0.5282	0.502	SGL	SGL	BAF_WEIGHTED	454	0.368	191112553	191112553	2	2	3.1	1
chr3	191583301	198295559	4	1611	0.5314	0.5064	SGL	TELOMERE	BAF_WEIGHTED	5805	0.4251	191583301	191583301	2	2	3.1	1
chr4	1	24479207	2	4966	0.5443	0.5244	TELOMERE	SGL	BAF_WEIGHTED	20888	0.4265	1	1	1	1	3.1	1
chr4	24479208	28923726	2	850	0.5457	0.5434	SGL	SGL	BAF_WEIGHTED	4268	0.395	24479208	24479208	1	1	3.1	1
chr4	28923727	28923733	2	0	0	0.652	SGL	SGL	STRUCTURAL_VARIANT	0	0	28923727	28923727	1	1	3.1	1
chr4	28923734	38734175	2	2465	0.5437	0.5264	SGL	SGL	BAF_WEIGHTED	9412	0.3599	28923734	28923734	1	1	3.1	1
chr4	38734176	38734186	3	0	0	0.6642	SGL	SGL	STRUCTURAL_VARIANT	0	0	38734176	38734176	1	2	3.1	1
chr4	38734187	42086023	2	707	0.5462	0.5388	SGL	SGL	BAF_WEIGHTED	3240	0.4143	38734187	38734187	1	1	3.1	1
chr4	42086024	42086039	4	0	0	0.7587	SGL	SGL	STRUCTURAL_VARIANT	0	0	42086024	42086024	1	3	3.1	1
chr4	42086040	49711890	2	1457	0.5419	0.5093	SGL	SGL	BAF_WEIGHTED	6566	0.3682	42086040	42086040	1	1	3.1	1
chr4	49711891	50726025	2	0	0	0.5046	SGL	CENTROMERE	STRUCTURAL_VARIANT	0	0	49711891	49711891	1	1	3.1	1
chr4	50726026	52199507	4	0	0	0.5177	CENTROMERE	SGL	BAF_WEIGHTED	346	0.4003	50726026	50726026	2	2	3.1	1
chr4	52199508	54486103	4	221	0.5327	0.5163	SGL	SGL	BAF_WEIGHTED	2013	0.4063	52199508	52199508	2	2	3.1	1
chr4	54486104	55505784	4	219	0.5338	0.5115	SGL	SGL	BAF_WEIGHTED	951	0.4022	54486104	54486104	2	2	3.1	1
chr4	55505785	55505795	7	0	0	0.7241	SGL	SGL	STRUCTURAL_VARIANT	0	0	55505785	55505785	2	5	3.1	1
chr4	55505796	60963979	4	1259	0.532	0.5241	SGL	INF	BAF_WEIGHTED	5004	0.3712	55505796	55505796	2	2	3.1	1
chr4	60963980	60963980	5	0	0	0.622	INF	SGL	STRUCTURAL_VARIANT	0	0	60963980	60963980	2	3	3.1	1
chr4	60963981	65346238	4	660	0.5292	0.5207	SGL	DUP	BAF_WEIGHTED	4074	0.3461	60963981	60963981	2	2	3.1	1
chr4	65346239	65346321	6	0	0	0.6778	DUP	DUP	STRUCTURAL_VARIANT	0	0	65346239	65346239	2	4	3.1	1
chr4	65346322	66888279	4	311	0.5314	0.5205	DUP	SGL	BAF_WEIGHTED	1442	0.3434	65346322	65346322	2	2	3.1	1
chr4	66888280	66888288	5	0	0	0.6048	SGL	SGL	STRUCTURAL_VARIANT	0	0	66888280	66888280	2	3	3.1	1
chr4	66888289	68275261	4	433	0.5283	0.5165	SGL	SGL	BAF_WEIGHTED	1276	0.3683	66888289	66888289	2	2	3.1	1
chr4	68275262	68275262	7	0	0	0.7268	SGL	INF	STRUCTURAL_VARIANT	0	0	68275262	68275262	2	5	3.1	1
chr4	68275263	79058921	4	2385	0.5327	0.5161	INF	SGL	BAF_WEIGHTED	9535	0.3813	68275263	68275263	2	2	3.1	1
chr4	79058922	79058922	5	0	0	0.6409	SGL	INF	STRUCTURAL_VARIANT	0	0	79058922	79058922	2	3	3.1	1
chr4	79058923	82695010	4	539	0.5331	0.5233	INF	SGL	BAF_WEIGHTED	3380	0.3758	79058923	79058923	2	2	3.1	1
chr4	82695011	82695012	3	0	0	0.6236	SGL	SGL	STRUCTURAL_VARIANT	0	0	82695011	82695011	1	2	3.1	1
chr4	82695013	93656690	4	2393	0.5305	0.52	SGL	SGL	BAF_WEIGHTED	10210	0.3724	82695013	82695013	2	2	3.1	1
chr4	93656691	102422593	4	2736	0.5325	0.5193	SGL	SGL	BAF_WEIGHTED	8170	0.3684	93656691	93656691	2	2	3.1	1
chr4	102422594	102422595	6	0	0	0.6843	SGL	SGL	STRUCTURAL_VARIANT	0	0	102422594	102422594	2	4	3.1	1
chr4	102422596	107308522	4	831	0.5316	0.5189	SGL	SGL	BAF_WEIGHTED	4373	0.3632	102422596	102422596	2	2	3.1	1
chr4	107308523	107308523	6	0	0	0.6652	SGL	INF	STRUCTURAL_VARIANT	0	0	107308523	107308523	2	4	3.1	1
chr4	107308524	109001377	4	306	0.5294	0.5115	INF	SGL	BAF_WEIGHTED	1612	0.3909	107308524	107308524	2	2	3.1	1
chr4	109001378	119718745	4	1691	0.5331	0.5175	SGL	SGL	BAF_WEIGHTED	9681	0.3643	109001378	109001378	2	2	3.1	1
chr4	119718746	119718749	8	0	0	0.7493	SGL	SGL	STRUCTURAL_VARIANT	0	0	119718746	119718746	2	6	3.1	1
chr4	119718750	124309118	4	876	0.5308	0.5141	SGL	SGL	BAF_WEIGHTED	4299	0.3728	119718750	119718750	2	2	3.1	1
chr4	124309119	124309119	3	0	0	0.6182	SGL	SGL	STRUCTURAL_VARIANT	0	0	124309119	124309119	1	2	3.1	1
chr4	124309120	132196681	4	1331	0.5315	0.5213	SGL	SGL	BAF_WEIGHTED	7085	0.3601	124309120	124309120	2	2	3.1	1
chr4	132196682	132196687	6	0	0	0.6686	SGL	SGL	STRUCTURAL_VARIANT	0	0	132196682	132196682	2	4	3.1	1
chr4	132196688	132342435	4	84	0.5294	0.5242	SGL	SGL	BAF_WEIGHTED	136	0.3338	132196688	132196688	2	2	3.1	1
chr4	132342436	134209117	4	86	0.5308	0.5214	SGL	SGL	BAF_WEIGHTED	1774	0.3428	132342436	132342436	2	2	3.1	1
chr4	134209118	134209126	5	0	0	0.6031	SGL	SGL	STRUCTURAL_VARIANT	0	0	134209118	134209118	2	3	3.1	1
chr4	134209127	137268136	4	824	0.5315	0.5233	SGL	SGL	BAF_WEIGHTED	2910	0.3425	134209127	134209127	2	2	3.1	1
chr4	137268137	137268139	5	0	0	0.6361	SGL	SGL	STRUCTURAL_VARIANT	0	0	137268137	137268137	2	3	3.1	1
chr4	137268140	137322783	4	51	0.5294	0.5143	SGL	SGL	BAF_WEIGHTED	53	0.3354	137268140	137268140	2	2	3.1	1
chr4	137322784	138304045	4	241	0.5283	0.5207	SGL	SGL	BAF_WEIGHTED	936	0.3573	137322784	137322784	2	2	3.1	1
chr4	138304046	138304060	5	0	0	0.637	SGL	SGL	STRUCTURAL_VARIANT	0	0	138304046	138304046	2	3	3.1	1
chr4	138304061	144474147	4	899	0.5321	0.5164	SGL	SGL	BAF_WEIGHTED	5456	0.3869	138304061	138304061	2	2	3.1	1
chr4	144474148	144474156	6	0	0	0.6625	SGL	SGL	STRUCTURAL_VARIANT	0	0	144474148	144474148	2	4	3.1	1
chr4	144474157	149324085	4	685	0.5332	0.5218	SGL	SGL	BAF_WEIGHTED	4497	0.3844	144474157	144474157	2	2	3.1	1
chr4	149324086	149324115	3	0	0	0.5892	SGL	SGL	STRUCTURAL_VARIANT	0	0	149324086	149324086	1	2	3.1	1
chr4	149324116	150372750	4	65	0.5332	0.5186	SGL	SGL	BAF_WEIGHTED	981	0.3706	149324116	149324116	2	2	3.1	1
chr4	150372751	150372759	9	0	0	0.7927	SGL	SGL	STRUCTURAL_VARIANT	0	0	150372751	150372751	2	7	3.1	1
chr4	150372760	153391749	4	563	0.5319	0.5207	SGL	INF	BAF_WEIGHTED	2897	0.3992	150372760	150372760	2	2	3.1	1
chr4	153391750	153391750	5	0	0	0.6303	INF	SGL	STRUCTURAL_VARIANT	0	0	153391750	153391750	2	3	3.1	1
chr4	153391751	156014093	4	638	0.5297	0.5193	SGL	SGL	BAF_WEIGHTED	2503	0.3844	153391751	153391751	2	2	3.1	1
chr4	156014094	156014094	6	0	0	0.6757	SGL	INF	STRUCTURAL_VARIANT	0	0	156014094	156014094	2	4	3.1	1
chr4	156014095	161176104	4	738	0.5316	0.5232	INF	SGL	BAF_WEIGHTED	4819	0.3634	156014095	156014095	2	2	3.1	1
chr4	161176105	180848130	4	3922	0.5321	0.5225	SGL	SGL	BAF_WEIGHTED	18525	0.3638	161176105	161176105	2	2	3.1	1
chr4	180848131	180848131	3	0	0	0.6223	SGL	SGL	STRUCTURAL_VARIANT	0	0	180848131	180848131	1	2	3.1	1
chr4	180848132	186546587	4	1403	0.5323	0.5195	SGL	SGL	BAF_WEIGHTED	5410	0.4095	180848132	180848132	2	2	3.1	1
chr4	186546588	187075166	4	200	0.5321	0.5196	SGL	DUP	BAF_WEIGHTED	485	0.4047	186546588	186546588	2	2	3.1	1
chr4	187075167	187075227	6	0	0	0.6705	DUP	DUP	STRUCTURAL_VARIANT	0	0	187075167	187075167	2	4	3.1	1
chr4	187075228	190214555	4	667	0.5327	0.5185	DUP	TELOMERE	BAF_WEIGHTED	2429	0.3931	187075228	187075228	2	2	3.1	1
chr5	1	3323077	2	803	1	1.005	TELOMERE	INF	BAF_WEIGHTED	2466	0.4888	1	1	0	2	3.1	1
chr5	3323078	3323078	3	0	0	1.0032	INF	SGL	STRUCTURAL_VARIANT	0	0	3323078	3323078	0	3	3.1	1
chr5	3323079	3493205	2	30	1	1.0051	SGL	INF	BAF_WEIGHTED	154	0.4433	3323079	3323079	0	2	3.1	1
chr5	3493206	3493206	3	0	0	1.0035	INF	SGL	STRUCTURAL_VARIANT	0	0	3493206	3493206	0	3	3.1	1
chr5	3493207	18254651	2	3239	1	1.005	SGL	SGL	BAF_WEIGHTED	13971	0.4047	3493207	3493207	0	2	3.1	1
chr5	18254652	28787889	2	2141	1	1.0051	SGL	DEL	BAF_WEIGHTED	9400	0.3485	18254652	18254652	0	2	3.1	1
chr5	28787890	28962988	1	195	1	1	DEL	DEL	BAF_WEIGHTED	154	0.3472	28787890	28787890	0	1	3.1	1
chr5	28962989	37688698	2	1907	1	1.005	DEL	SGL	BAF_WEIGHTED	7841	0.3901	28962989	28962989	0	2	3.1	1
chr5	37688699	37688709	4	0	0	1.0026	SGL	SGL	STRUCTURAL_VARIANT	0	0	37688699	37688699	0	4	3.1	1
chr5	37688710	48272853	2	2133	1	1.005	SGL	CENTROMERE	BAF_WEIGHTED	7995	0.3796	37688710	37688710	0	2	3.1	1
chr5	48272854	49599386	1	0	0	1	CENTROMERE	SGL	STRUCTURAL_VARIANT	0	0	48272854	48272854	0	1	3.1	1
chr5	49599387	50027348	2	0	0	1.0054	SGL	SGL	STRUCTURAL_VARIANT	0	0.41	49599387	49599387	0	2	3.1	1
chr5	50027349	69055476	2	3554	1	1.005	SGL	SGL	BAF_WEIGHTED	17316	0.3841	50027349	50027349	0	2	3.1	1
chr5	69055477	69055496	2	0	0	1.0066	SGL	SGL	STRUCTURAL_VARIANT	0	0	69055477	69055477	0	2	3.1	1
chr5	69055497	80992172	2	2381	1	1.005	SGL	SGL	BAF_WEIGHTED	9412	0.4052	69055497	69055497	0	2	3.1	1
chr5	80992173	80992198	3	0	0	1.0035	SGL	SGL	STRUCTURAL_VARIANT	0	0	80992173	80992173	0	3	3.1	1
chr5	80992199	102311614	2	3790	1	1.005	SGL	SGL	BAF_WEIGHTED	19569	0.3642	80992199	80992199	0	2	3.1	1
chr5	102311615	104684694	2	899	1	1.005	SGL	SGL	BAF_WEIGHTED	2252	0.3592	102311615	102311615	0	2	3.1	1
chr5	104684695	109783871	2	957	1	1.005	SGL	SGL	BAF_WEIGHTED	4825	0.3594	104684695	104684695	0	2	3.1	1
chr5	109783872	117408944	2	1892	1	1.005	SGL	SGL	BAF_WEIGHTED	7114	0.3833	109783872	109783872	0	2	3.1	1
chr5	117408945	117408947	4	0	0	1.0027	SGL	SGL	STRUCTURAL_VARIANT	0	0	117408945	117408945	0	4	3.1	1
chr5	117408948	123247108	2	734	1	1.005	SGL	SGL	BAF_WEIGHTED	5420	0.3674	117408948	117408948	0	2	3.1	1
chr5	123247109	123247112	5	0	0	1.0022	SGL	SGL	STRUCTURAL_VARIANT	0	0	123247109	123247109	0	5	3.1	1
chr5	123247113	123640443	2	150	1	1.0049	SGL	SGL	BAF_WEIGHTED	371	0.3665	123247113	123247113	0	2	3.1	1
chr5	123640444	123640457	5	0	0	1.002	SGL	SGL	STRUCTURAL_VARIANT	0	0	123640444	123640444	0	5	3.1	1
chr5	123640458	159924186	2	5974	1	1.005	SGL	SGL	BAF_WEIGHTED	34141	0.4123	123640458	123640458	0	2	3.1	1
chr5	159924187	175194381	2	3123	1	1.0051	SGL	SGL	BAF_WEIGHTED	14584	0.408	159924187	159924187	0	2	3.1	1
chr5	175194382	179546287	2	953	1	1.0051	SGL	DEL	BAF_WEIGHTED	3231	0.4826	175194382	175194382	0	2	3.1	1
chr5	179546288	179546320	1	0	0	1	DEL	DEL	STRUCTURAL_VARIANT	0	0	179546288	179546288	0	1	3.1	1
chr5	179546321	179595092	2	33	1	1.0052	DEL	INF	BAF_WEIGHTED	46	0.461	179546321	179546321	0	2	3.1	1
chr5	179595093	179595093	3	0	0	1.0034	INF	SGL	STRUCTURAL_VARIANT	0	0	179595093	179595093	0	3	3.1	1
chr5	179595094	181538259	2	486	1	1.0051	SGL	TELOMERE	BAF_WEIGHTED	1363	0.4741	179595094	179595094	0	2	3.1	1
chr6	1	1512710	4	226	0.5343	0.51	TELOMERE	SGL	BAF_WEIGHTED	1152	0.4369	1	1	2	2	3.1	1
chr6	1512711	1512724	5	0	0	0.5868	SGL	SGL	STRUCTURAL_VARIANT	0	0	1512711	1512711	2	3	3.1	1
chr6	1512725	1722260	4	102	0.5364	0.5087	SGL	SGL	BAF_WEIGHTED	192	0.4707	1512725	1512725	2	2	3.1	1
chr6	1722261	18786189	4	3924	0.5329	0.5161	SGL	SGL	BAF_WEIGHTED	16291	0.4177	1722261	1722261	2	2	3.1	1
chr6	18786190	18786190	6	0	0	0.6643	SGL	INF	STRUCTURAL_VARIANT	0	0	18786190	18786190	2	4	3.1	1
chr6	18786191	26193811	4	1824	0.5324	0.5181	INF	BND	BAF_WEIGHTED	7056	0.3922	18786191	18786191	2	2	3.1	1
chr6	26193812	26193889	7	0	0	0.7191	BND	INV	STRUCTURAL_VARIANT	0	0	26193812	26193812	2	5	3.1	1
chr6	26193890	26194178	5	0	0	0.6087	INV	INV	STRUCTURAL_VARIANT	0	0	26193890	26193890	2	3	3.1	1
chr6	26194179	27733844	4	200	0.5292	0.5234	INV	SGL	BAF_WEIGHTED	1151	0.4172	26194179	26194179	2	2	3.1	1
chr6	27733845	27733853	5	0	0	0.5936	SGL	SGL	STRUCTURAL_VARIANT	0	0	27733845	27733845	2	3	3.1	1
chr6	27733854	28044255	4	12	0.5236	0.5277	SGL	SGL	BAF_WEIGHTED	285	0.3995	27733854	27733854	2	2	3.1	1
chr6	28044256	34738570	4	2384	0.5365	0.5231	SGL	INF	BAF_WEIGHTED	5924	0.4536	28044256	28044256	2	2	3.1	1
chr6	34738571	34738571	5	0	0	0.6186	INF	SGL	STRUCTURAL_VARIANT	0	0	34738571	34738571	2	3	3.1	1
chr6	34738572	36428424	4	200	0.5406	0.5275	SGL	SGL	BAF_WEIGHTED	1595	0.4517	34738572	34738572	2	2	3.1	1
chr6	36428425	36429253	3	0	0	0.6994	SGL	SGL	STRUCTURAL_VARIANT	0	0	36428425	36428425	1	2	3.1	1
chr6	36429254	41915801	4	1142	0.5338	0.523	SGL	INF	BAF_WEIGHTED	5290	0.4475	36429254	36429254	2	2	3.1	1
chr6	41915802	41915802	5	0	0	0.648	INF	SGL	STRUCTURAL_VARIANT	0	0	41915802	41915802	2	3	3.1	1
chr6	41915803	42262600	4	59	0.5309	0.5406	SGL	SGL	BAF_WEIGHTED	329	0.4787	41915803	41915803	2	2	3.1	1
chr6	42262601	46109537	4	489	0.5361	0.5252	SGL	SGL	BAF_WEIGHTED	3636	0.4453	42262601	42262601	2	2	3.1	1
chr6	46109538	46109548	4	0	0	0.5329	SGL	SGL	STRUCTURAL_VARIANT	0	0	46109538	46109538	2	2	3.1	1
chr6	46109549	50114116	4	1222	0.5324	0.5234	SGL	SGL	BAF_WEIGHTED	3760	0.3717	46109549	46109549	2	2	3.1	1
chr6	50114117	50114126	5	0	0	0.6411	SGL	SGL	STRUCTURAL_VARIANT	0	0	50114117	50114117	2	3	3.1	1
chr6	50114127	52940236	4	467	0.5366	0.5209	SGL	SGL	BAF_WEIGHTED	2554	0.3861	50114127	50114127	2	2	3.1	1
chr6	52940237	52940237	5	0	0	0.6202	SGL	INF	STRUCTURAL_VARIANT	0	0	52940237	52940237	2	3	3.1	1
chr6	52940238	59191910	4	991	0.5325	0.5227	INF	CENTROMERE	BAF_WEIGHTED	4181	0.3742	52940238	52940238	2	2	3.1	1
chr6	59191911	61322973	4	22	0.5241	0.5369	CENTROMERE	SGL	BAF_WEIGHTED	187	0.3756	59191911	59191911	2	2	3.1	1
chr6	61322974	61323129	4	0	0	0.5009	SGL	SGL	STRUCTURAL_VARIANT	0	0	61322974	61322974	2	2	3.1	1
chr6	61323130	61381779	4	0	0	0.5002	SGL	SGL	BAF_WEIGHTED	15	0.3598	61323130	61323130	2	2	3.1	1
chr6	61381780	64588483	4	684	0.5301	0.5267	SGL	SGL	BAF_WEIGHTED	2886	0.3591	61381780	61381780	2	2	3.1	1
chr6	64588484	64703410	3	1	0.699	0.7004	SGL	INF	BAF_WEIGHTED	97	0.349	64588484	64588484	1	2	3.1	1
chr6	64703411	64703411	4	0	0	0.7432	INF	SGL	STRUCTURAL_VARIANT	0	0	64703411	64703411	1	3	3.1	1
chr6	64703412	66106223	3	350	0.6551	0.6561	SGL	SGL	BAF_WEIGHTED	1288	0.3394	64703412	64703412	1	2	3.1	1
chr6	66106224	66106226	6	0	0	0.8209	SGL	SGL	STRUCTURAL_VARIANT	0	0	66106224	66106224	1	5	3.1	1
chr6	66106227	82887393	3	3501	0.6538	0.6548	SGL	INF	BAF_WEIGHTED	15332	0.3654	66106227	66106227	1	2	3.1	1
chr6	82887394	82887394	4	0	0	0.7349	INF	SGL	STRUCTURAL_VARIANT	0	0	82887394	82887394	1	3	3.1	1
chr6	82887395	99820758	3	2726	0.652	0.6531	SGL	SGL	BAF_WEIGHTED	15734	0.3734	82887395	82887395	1	2	3.1	1
chr6	99820759	118709557	3	3646	0.6506	0.6516	SGL	SGL	BAF_WEIGHTED	17673	0.3817	99820759	99820759	1	2	3.1	1
chr6	118709558	118709591	2	0	0	0.8062	SGL	SGL	STRUCTURAL_VARIANT	0	0	118709558	118709558	0	2	3.1	1
chr6	118709592	120573313	3	369	0.6521	0.6532	SGL	SGL	BAF_WEIGHTED	1778	0.3683	118709592	118709592	1	2	3.1	1
chr6	120573314	120573323	4	0	0	0.7769	SGL	SGL	STRUCTURAL_VARIANT	0	0	120573314	120573314	1	3	3.1	1
chr6	120573324	129385297	3	1612	0.6545	0.6555	SGL	SGL	BAF_WEIGHTED	8272	0.3642	120573324	120573324	1	2	3.1	1
chr6	129385298	129385325	3	0	0	0.7739	SGL	SGL	STRUCTURAL_VARIANT	0	0	129385298	129385298	1	2	3.1	1
chr6	129385326	129507085	3	124	0.6569	0.658	SGL	SGL	BAF_WEIGHTED	121	0.3678	129385326	129385326	1	2	3.1	1
chr6	129507086	129507091	5	0	0	0.8051	SGL	SGL	STRUCTURAL_VARIANT	0	0	129507086	129507086	1	4	3.1	1
chr6	129507092	138452921	3	1817	0.6552	0.6562	SGL	BND	BAF_WEIGHTED	8544	0.3892	129507092	129507092	1	2	3.1	1
chr6	138452922	138453044	4	0	0	0.5054	BND	BND	STRUCTURAL_VARIANT	0	0	138452922	138452922	2	2	3.1	1
chr6	138453045	154454080	3	2879	0.6508	0.6518	BND	INF	BAF_WEIGHTED	15250	0.3887	138453045	138453045	1	2	3.1	1
chr6	154454081	154454081	4	0	0	0.7424	INF	SGL	STRUCTURAL_VARIANT	0	0	154454081	154454081	1	3	3.1	1
chr6	154454082	157774237	3	1001	0.6511	0.6522	SGL	SGL	BAF_WEIGHTED	3204	0.4128	154454082	154454082	1	2	3.1	1
chr6	157774238	157774261	3	0	0	0.6753	SGL	SGL	STRUCTURAL_VARIANT	0	0	157774238	157774238	1	2	3.1	1
chr6	157774262	165866407	3	1791	0.6548	0.6559	SGL	SGL	BAF_WEIGHTED	7627	0.4135	157774262	157774262	1	2	3.1	1
chr6	165866408	165866417	4	0	0	0.7222	SGL	SGL	STRUCTURAL_VARIANT	0	0	165866408	165866408	1	3	3.1	1
chr6	165866418	167641581	3	418	0.6559	0.657	SGL	SGL	BAF_WEIGHTED	1514	0.4511	165866418	165866418	1	2	3.1	1
chr6	167641582	167651429	3	2	0.6225	0.6234	SGL	SGL	BAF_WEIGHTED	9	0.4719	167641582	167641582	1	2	3.1	1
chr6	167651430	167651430	4	0	0	0.7394	SGL	INF	STRUCTURAL_VARIANT	0	0	167651430	167651430	1	3	3.1	1
chr6	167651431	170805979	3	663	0.6508	0.6519	INF	TELOMERE	BAF_WEIGHTED	2650	0.4593	167651431	167651431	1	2	3.1	1
chr7	1	566770	4	173	0.5327	0.5102	TELOMERE	INF	BAF_WEIGHTED	320	0.5529	1	1	2	2	3.1	1
chr7	566771	566771	7	0	0	0.7044	INF	SGL	STRUCTURAL_VARIANT	0	0	566771	566771	2	5	3.1	1
chr7	566772	1446293	4	311	0.5357	0.5005	SGL	SGL	BAF_WEIGHTED	603	0.5517	566772	566772	2	2	3.1	1
chr7	1446294	1446294	5	0	0	0.611	SGL	INF	STRUCTURAL_VARIANT	0	0	1446294	1446294	2	3	3.1	1
chr7	1446295	10460412	4	1881	0.5321	0.5083	INF	SGL	BAF_WEIGHTED	7540	0.4343	1446295	1446295	2	2	3.1	1
chr7	10460413	10460414	5	0	0	0.5956	SGL	SGL	STRUCTURAL_VARIANT	0	0	10460413	10460413	2	3	3.1	1
chr7	10460415	24046969	4	3848	0.5317	0.5069	SGL	SGL	BAF_WEIGHTED	12854	0.3711	10460415	10460415	2	2	3.1	1
chr7	24046970	24046973	3	0	0	0.6578	SGL	SGL	STRUCTURAL_VARIANT	0	0	24046970	24046970	1	2	3.1	1
chr7	24046974	47094193	4	4492	0.5316	0.5067	SGL	SGL	BAF_WEIGHTED	20857	0.4113	24046974	24046974	2	2	3.1	1
chr7	47094194	47094242	3	0	0	0.5832	SGL	SGL	STRUCTURAL_VARIANT	0	0	47094194	47094194	1	2	3.1	1
chr7	47094243	57403873	4	2195	0.5318	0.5056	SGL	DEL	BAF_WEIGHTED	8958	0.4036	47094243	47094243	2	2	3.1	1
chr7	57403874	57436403	2	7	1	1.0052	DEL	DEL	BAF_WEIGHTED	18	0.4356	57403874	57403874	0	2	3.1	1
chr7	57436404	57486133	4	87	0.5339	0.5207	DEL	SGL	BAF_WEIGHTED	40	0.3913	57436404	57436404	2	2	3.1	1
chr7	57486134	57491641	8	0	0	0.7479	SGL	SGL	NON_DIPLOID	4	0.432	57486134	57486134	2	6	3.1	1
chr7	57491642	57493126	7	0	0	0.7111	SGL	SGL	NON_DIPLOID	1	0.421	57491642	57491642	2	5	3.1	1
chr7	57493127	57493259	5	0	0	0.5834	SGL	SGL	STRUCTURAL_VARIANT	0	0	57493127	57493127	2	3	3.1	1
chr7	57493260	57892927	4	25	0.5366	0.5088	SGL	SGL	BAF_WEIGHTED	52	0.4036	57493260	57493260	2	2	3.1	1
chr7	57892928	59498943	4	0	0	0.5014	SGL	CENTROMERE	BAF_WEIGHTED	159	0.3663	57892928	57892928	2	2	3.1	1
chr7	59498944	61026881	8	0	0	0.7603	CENTROMERE	SGL	NON_DIPLOID	1	0.358	59498944	59498944	2	6	3.1	1
chr7	61026882	61052773	5	0	0	0.5974	SGL	SGL	NON_DIPLOID	20	0.3549	61026882	61026882	2	3	3.1	1
chr7	61052774	61052774	6	0	0	0.6426	SGL	INF	STRUCTURAL_VARIANT	0	0	61052774	61052774	2	4	3.1	1
chr7	61052775	62334057	4	0	0	0.5106	INF	SGL	BAF_WEIGHTED	85	0.3707	61052775	61052775	2	2	3.1	1
chr7	62334058	62334070	6	0	0	0.6568	SGL	SGL	STRUCTURAL_VARIANT	0	0	62334058	62334058	2	4	3.1	1
chr7	62334071	63032560	4	6	0.5301	0.5024	SGL	SGL	BAF_WEIGHTED	440	0.3713	62334071	62334071	2	2	3.1	1
chr7	63032561	63032567	8	0	0	0.7641	SGL	SGL	STRUCTURAL_VARIANT	0	0	63032561	63032561	2	6	3.1	1
chr7	63032568	73848683	4	2189	0.534	0.5152	SGL	INF	BAF_WEIGHTED	7945	0.4348	63032568	63032568	2	2	3.1	1
chr7	73848684	73848684	6	0	0	0.6578	INF	SGL	STRUCTURAL_VARIANT	0	0	73848684	73848684	2	4	3.1	1
chr7	73848685	73967730	4	1	0.536	0.5161	SGL	INF	BAF_WEIGHTED	112	0.4822	73848685	73848685	2	2	3.1	1
chr7	73967731	73967731	7	0	0	0.7118	INF	SGL	STRUCTURAL_VARIANT	0	0	73967731	73967731	2	5	3.1	1
chr7	73967732	76426907	4	195	0.5364	0.5195	SGL	INF	BAF_WEIGHTED	1544	0.5026	73967732	73967732	2	2	3.1	1
chr7	76426908	76426908	6	0	0	0.66	INF	SGL	STRUCTURAL_VARIANT	0	0	76426908	76426908	2	4	3.1	1
chr7	76426909	76999028	4	67	0.5345	0.5189	SGL	SGL	BAF_WEIGHTED	12	0.5581	76426909	76426909	2	2	3.1	1
chr7	76999029	78352522	4	321	0.531	0.5031	SGL	DEL	BAF_WEIGHTED	1127	0.3963	76999029	76999029	2	2	3.1	1
chr7	78352523	78452931	3	2	0.662	0.6631	DEL	DEL	BAF_WEIGHTED	96	0.365	78352523	78352523	1	2	3.1	1
chr7	78452932	78560889	4	8	0.5336	0.5019	DEL	DEL	BAF_WEIGHTED	106	0.3681	78452932	78452932	2	2	3.1	1
chr7	78560890	78628369	3	24	0.6595	0.6606	DEL	DEL	BAF_WEIGHTED	64	0.3716	78560890	78560890	1	2	3.1	1
chr7	78628370	80793847	4	374	0.5314	0.5073	DEL	SGL	BAF_WEIGHTED	2071	0.3571	78628370	78628370	2	2	3.1	1
chr7	80793848	80793857	6	0	0	0.6447	SGL	SGL	STRUCTURAL_VARIANT	0	0	80793848	80793848	2	4	3.1	1
chr7	80793858	86215351	4	1357	0.5297	0.5057	SGL	DUP	BAF_WEIGHTED	5155	0.3487	80793858	80793858	2	2	3.1	1
chr7	86215352	86224384	5	1	0.6304	0.6309	DUP	DUP	BAF_WEIGHTED	8	0.3853	86215352	86215352	2	3	3.1	1
chr7	86224385	104844620	4	3016	0.5327	0.5092	DUP	DUP	BAF_WEIGHTED	16351	0.4018	86224385	86224385	2	2	3.1	1
chr7	104844621	104971854	6	17	0.6575	0.658	DUP	DUP	BAF_WEIGHTED	118	0.441	104844621	104844621	2	4	3.1	1
chr7	104971855	109643286	4	1016	0.5296	0.5095	DUP	SGL	BAF_WEIGHTED	4422	0.3951	104971855	104971855	2	2	3.1	1
chr7	109643287	109643295	6	0	0	0.6498	SGL	SGL	STRUCTURAL_VARIANT	0	0	109643287	109643287	2	4	3.1	1
chr7	109643296	110572509	4	235	0.5275	0.503	SGL	SGL	BAF_WEIGHTED	837	0.3564	109643296	109643296	2	2	3.1	1
chr7	110572510	110753276	4	10	0.547	0.5472	SGL	DEL	BAF_WEIGHTED	163	0.3769	110572510	110572510	2	2	3.1	1
chr7	110753277	110754404	3	0	0	0.6542	DEL	DEL	STRUCTURAL_VARIANT	0	0	110753277	110753277	1	2	3.1	1
chr7	110754405	114228818	4	590	0.532	0.5013	DEL	SGL	BAF_WEIGHTED	3246	0.3696	110754405	110754405	2	2	3.1	1
chr7	114228819	114228825	5	0	0	0.5938	SGL	SGL	STRUCTURAL_VARIANT	0	0	114228819	114228819	2	3	3.1	1
chr7	114228826	116726177	4	547	0.5276	0.5091	SGL	INF	BAF_WEIGHTED	2375	0.3588	114228826	114228826	2	2	3.1	1
chr7	116726178	116726178	6	0	0	0.6749	INF	SGL	STRUCTURAL_VARIANT	0	0	116726178	116726178	2	4	3.1	1
chr7	116726179	118443256	4	423	0.5336	0.5045	SGL	SGL	BAF_WEIGHTED	1654	0.3797	116726179	116726179	2	2	3.1	1
chr7	118443257	118443260	6	0	0	0.6474	SGL	SGL	STRUCTURAL_VARIANT	0	0	118443257	118443257	2	4	3.1	1
chr7	118443261	118693864	4	302	0.5301	0.5013	SGL	SGL	BAF_WEIGHTED	241	0.3448	118443261	118443261	2	2	3.1	1
chr7	118693865	126106069	4	1816	0.5319	0.5047	SGL	DEL	BAF_WEIGHTED	6965	0.3575	118693865	118693865	2	2	3.1	1
chr7	126106070	126458434	2	127	1	1.0051	DEL	INV	BAF_WEIGHTED	331	0.3493	126106070	126106070	0	2	3.1	1
chr7	126458435	126526846	4	35	0.5285	0.5072	INV	DEL	BAF_WEIGHTED	64	0.3537	126458435	126458435	2	2	3.1	1
chr7	126526847	126527388	6	0	0	0.6652	DEL	INV	STRUCTURAL_VARIANT	0	0	126526847	126526847	2	4	3.1	1
chr7	126527389	126527390	8	0	0	0.7537	INV	SGL	STRUCTURAL_VARIANT	0	0	126527389	126527389	2	6	3.1	1
chr7	126527391	131868326	6	1193	0.6677	0.6682	SGL	SGL	BAF_WEIGHTED	4831	0.4263	126527391	126527391	2	4	3.1	1
chr7	131868327	137149715	6	1468	0.668	0.6686	SGL	INF	BAF_WEIGHTED	5052	0.4055	131868327	131868327	2	4	3.1	1
chr7	137149716	137149716	8	0	0	0.7418	INF	SGL	STRUCTURAL_VARIANT	0	0	137149716	137149716	2	6	3.1	1
chr7	137149717	141337366	6	497	0.6666	0.6672	SGL	SGL	BAF_WEIGHTED	3992	0.4242	137149717	137149717	2	4	3.1	1
chr7	141337367	144256000	6	645	0.6674	0.668	SGL	NONE	BAF_WEIGHTED	2108	0.4117	141337367	141337367	2	4	3.1	1
chr7	144256001	144391700	4	8	0.5274	0.5174	NONE	SGL	BAF_WEIGHTED	14	0.4441	144256001	144377001	2	2	3.1	1
chr7	144391701	144393372	6	0	0	0.651	SGL	SGL	BAF_WEIGHTED	1	0.463	144391701	144391701	2	4	3.1	1
chr7	144393373	147735999	4	594	0.5335	0.505	SGL	SGL	BAF_WEIGHTED	3141	0.364	144393373	144393373	2	2	3.1	1
chr7	147736000	151049570	4	683	0.5332	0.503	SGL	BND	BAF_WEIGHTED	2553	0.4445	147736000	147736000	2	2	3.1	1
chr7	151049571	159345973	2	2204	0.9997	1.0047	BND	TELOMERE	BAF_WEIGHTED	7000	0.4609	151049571	151049571	0	2	3.1	1
chr8	1	5471220	4	2631	0.5373	0.5449	TELOMERE	SGL	BAF_WEIGHTED	4490	0.416	1	1	2	2	3.1	1
chr8	5471221	5471231	5	0	0	0.6452	SGL	SGL	STRUCTURAL_VARIANT	0	0	5471221	5471221	2	3	3.1	1
chr8	5471232	13590062	4	2899	0.5366	0.5449	SGL	SGL	BAF_WEIGHTED	5905	0.4272	5471232	5471232	2	2	3.1	1
chr8	13590063	25088051	4	3036	0.537	0.545	SGL	SGL	BAF_WEIGHTED	11002	0.4057	13590063	13590063	2	2	3.1	1
chr8	25088052	25088052	6	0	0	0.7103	SGL	INF	STRUCTURAL_VARIANT	0	0	25088052	25088052	2	4	3.1	1
chr8	25088053	26215870	4	235	0.541	0.5451	INF	SGL	BAF_WEIGHTED	1076	0.4169	25088053	25088053	2	2	3.1	1
chr8	26215871	26215884	6	0	0	0.729	SGL	SGL	STRUCTURAL_VARIANT	0	0	26215871	26215871	2	4	3.1	1
chr8	26215885	30064544	4	762	0.5356	0.5449	SGL	SGL	BAF_WEIGHTED	3706	0.4277	26215885	26215885	2	2	3.1	1
chr8	30064545	30064568	3	0	0	0.537	SGL	BND	STRUCTURAL_VARIANT	0	0	30064545	30064545	1	2	3.1	1
chr8	30064569	33878915	3	617	0.5363	0.5449	BND	SGL	BAF_WEIGHTED	3617	0.3967	30064569	30064569	1	2	3.1	1
chr8	33878916	33878929	6	0	0	0.7012	SGL	SGL	STRUCTURAL_VARIANT	0	0	33878916	33878916	2	4	3.1	1
chr8	33878930	44955504	4	1231	0.5385	0.5451	SGL	CENTROMERE	BAF_WEIGHTED	9319	0.4109	33878930	33878930	2	2	3.1	1
chr8	44955505	66772376	4	3206	0.5367	0.5449	CENTROMERE	SGL	BAF_WEIGHTED	19318	0.3926	44955505	44955505	2	2	3.1	1
chr8	66772377	74296019	4	1157	0.5377	0.5449	SGL	SGL	BAF_WEIGHTED	7031	0.3894	66772377	66772377	2	2	3.1	1
chr8	74296020	74463101	4	67	0.5352	0.5449	SGL	SGL	BAF_WEIGHTED	148	0.382	74296020	74296020	2	2	3.1	1
chr8	74463102	74463111	7	0	0	0.7671	SGL	SGL	STRUCTURAL_VARIANT	0	0	74463102	74463102	2	5	3.1	1
chr8	74463112	77603298	4	182	0.5355	0.5449	SGL	DEL	BAF_WEIGHTED	2957	0.3535	74463112	74463112	2	2	3.1	1
chr8	77603299	77605540	4	0	0	0.5076	DEL	DEL	STRUCTURAL_VARIANT	0	0	77603299	77603299	2	2	3.1	1
chr8	77605541	79296029	4	147	0.538	0.5449	DEL	SGL	BAF_WEIGHTED	1603	0.3519	77605541	77605541	2	2	3.1	1
chr8	79296030	79296033	6	0	0	0.7295	SGL	SGL	STRUCTURAL_VARIANT	0	0	79296030	79296030	2	4	3.1	1
chr8	79296034	90433805	4	1639	0.5359	0.5449	SGL	SGL	BAF_WEIGHTED	10221	0.368	79296034	79296034	2	2	3.1	1
chr8	90433806	90433806	5	0	0	0.6793	SGL	INF	STRUCTURAL_VARIANT	0	0	90433806	90433806	2	3	3.1	1
chr8	90433807	91230955	4	177	0.5393	0.5449	INF	SGL	BAF_WEIGHTED	756	0.3723	90433807	90433807	2	2	3.1	1
chr8	91230956	91230966	5	0	0	0.683	SGL	SGL	STRUCTURAL_VARIANT	0	0	91230956	91230956	2	3	3.1	1
chr8	91230967	109066858	4	3034	0.5379	0.5449	SGL	SGL	BAF_WEIGHTED	16820	0.3912	91230967	91230967	2	2	3.1	1
chr8	109066859	109066859	5	0	0	0.6642	SGL	INF	STRUCTURAL_VARIANT	0	0	109066859	109066859	2	3	3.1	1
chr8	109066860	111050190	4	87	0.5333	0.5449	INF	DEL	BAF_WEIGHTED	1883	0.3545	109066860	109066860	2	2	3.1	1
chr8	111050191	111051352	4	0	0	0.519	DEL	DEL	STRUCTURAL_VARIANT	0	0	111050191	111050191	2	2	3.1	1
chr8	111051353	117611591	4	789	0.5361	0.5449	DEL	SGL	BAF_WEIGHTED	6249	0.3549	111051353	111051353	2	2	3.1	1
chr8	117611592	117611598	7	0	0	0.7526	SGL	SGL	STRUCTURAL_VARIANT	0	0	117611592	117611592	2	5	3.1	1
chr8	117611599	120021058	4	393	0.5368	0.5451	SGL	SGL	BAF_WEIGHTED	2272	0.3952	117611599	117611599	2	2	3.1	1
chr8	120021059	120021059	5	0	0	0.6483	SGL	INF	STRUCTURAL_VARIANT	0	0	120021059	120021059	2	3	3.1	1
chr8	120021060	126265633	4	997	0.5376	0.5449	INF	SGL	BAF_WEIGHTED	5999	0.4056	120021060	120021060	2	2	3.1	1
chr8	126265634	126265643	6	0	0	0.6968	SGL	SGL	STRUCTURAL_VARIANT	0	0	126265634	126265634	2	4	3.1	1
chr8	126265644	130028987	4	799	0.539	0.545	SGL	SGL	BAF_WEIGHTED	3554	0.4044	126265644	126265644	2	2	3.1	1
chr8	130028988	130028991	3	0	0	0.6716	SGL	SGL	STRUCTURAL_VARIANT	0	0	130028988	130028988	1	2	3.1	1
chr8	130028992	130235869	4	21	0.5263	0.5449	SGL	DUP	BAF_WEIGHTED	204	0.4221	130028992	130028992	2	2	3.1	1
chr8	130235870	130262392	4	7	0.5971	0.5976	DUP	SGL	BAF_WEIGHTED	26	0.3843	130235870	130235870	2	2	3.1	1
chr8	130262393	130262400	4	0	0	0.6005	SGL	DUP	STRUCTURAL_VARIANT	0	0	130262393	130262393	2	2	3.1	1
chr8	130262401	131341830	4	318	0.535	0.5449	DUP	SGL	BAF_WEIGHTED	1016	0.4094	130262401	130262401	2	2	3.1	1
chr8	131341831	131341833	3	0	0	0.6299	SGL	SGL	STRUCTURAL_VARIANT	0	0	131341831	131341831	1	2	3.1	1
chr8	131341834	142185749	4	2889	0.5374	0.5452	SGL	SGL	BAF_WEIGHTED	10150	0.4322	131341834	131341834	2	2	3.1	1
chr8	142185750	142185879	3	0	0	0.7278	SGL	SGL	STRUCTURAL_VARIANT	0	0	142185750	142185750	1	2	3.1	1
chr8	142185880	143410480	4	282	0.5407	0.5449	SGL	SGL	BAF_WEIGHTED	757	0.5485	142185880	142185880	2	2	3.1	1
chr8	143410481	144021092	3	134	0.5418	0.5494	SGL	SGL	BAF_WEIGHTED	314	0.576	143410481	143410481	1	2	3.1	1
chr8	144021093	145138636	3	56	0.5355	0.5449	SGL	TELOMERE	BAF_WEIGHTED	689	0.5286	144021093	144021093	1	2	3.1	1
chr9	1	4814225	2	1701	1	1.0051	TELOMERE	SGL	BAF_WEIGHTED	4354	0.4004	1	1	0	2	3.1	1
chr9	4814226	4814235	4	0	0	1.0025	SGL	SGL	STRUCTURAL_VARIANT	0	0	4814226	4814226	0	4	3.1	1
chr9	4814236	19235493	2	3574	1	1.005	SGL	INF	BAF_WEIGHTED	13530	0.3791	4814236	4814236	0	2	3.1	1
chr9	19235494	19235494	3	0	0	1.0034	INF	SGL	STRUCTURAL_VARIANT	0	0	19235494	19235494	0	3	3.1	1
chr9	19235495	22288710	2	438	1	1.005	SGL	SGL	BAF_WEIGHTED	2782	0.3835	19235495	19235495	0	2	3.1	1
chr9	22288711	22288723	4	0	0	1.0027	SGL	SGL	STRUCTURAL_VARIANT	0	0	22288711	22288711	0	4	3.1	1
chr9	22288724	28031837	2	1540	1	1.0051	SGL	INV	BAF_WEIGHTED	5357	0.3675	22288724	22288724	0	2	3.1	1
chr9	28031838	28031864	1	0	0	1.0097	INV	INV	STRUCTURAL_VARIANT	0	0	28031838	28031838	0	1	3.1	1
chr9	28031865	28034300	2	0	0	1.005	INV	DEL	BAF_WEIGHTED	2	0.427	28031865	28031865	0	2	3.1	1
chr9	28034301	28034468	1	0	0	1.0094	DEL	INV	STRUCTURAL_VARIANT	0	0	28034301	28034301	0	1	3.1	1
chr9	28034469	28059142	2	3	1	1.005	INV	INV	BAF_WEIGHTED	23	0.3638	28034469	28034469	0	2	3.1	1
chr9	28059143	28157693	1	25	1	1	INV	DEL	BAF_WEIGHTED	78	0.3622	28059143	28059143	0	1	3.1	1
chr9	28157694	30338966	2	597	1	1.0051	DEL	SGL	BAF_WEIGHTED	2061	0.3507	28157694	28157694	0	2	3.1	1
chr9	30338967	36223508	4	1030	0.5334	0.5077	SGL	SGL	BAF_WEIGHTED	5197	0.4109	30338967	30338967	2	2	3.1	1
chr9	36223509	36223519	5	0	0	0.5963	SGL	SGL	STRUCTURAL_VARIANT	0	0	36223509	36223509	2	3	3.1	1
chr9	36223520	36764108	4	21	0.5306	0.5124	SGL	INF	BAF_WEIGHTED	522	0.433	36223520	36223520	2	2	3.1	1
chr9	36764109	36764109	5	0	0	0.6283	INF	SGL	STRUCTURAL_VARIANT	0	0	36764109	36764109	2	3	3.1	1
chr9	36764110	43191947	4	357	0.5327	0.5071	SGL	SGL	BAF_WEIGHTED	1791	0.4473	36764110	36764110	2	2	3.1	1
chr9	43191948	44377362	3	0	0	0.7509	SGL	CENTROMERE	STRUCTURAL_VARIANT	0	0.372	43191948	43191948	1	2	3.1	1
chr9	44377363	44622340	5	0	0	0.6596	CENTROMERE	SGL	STRUCTURAL_VARIANT	0	0	44377363	44377363	2	3	3.1	1
chr9	44622341	69773355	4	435	0.5406	0.5393	SGL	SGL	BAF_WEIGHTED	1293	0.4135	44622341	44622341	2	2	3.1	1
chr9	69773356	69773356	5	0	0	0.6638	SGL	INF	STRUCTURAL_VARIANT	0	0	69773356	69773356	2	3	3.1	1
chr9	69773357	79467862	4	1848	0.5436	0.5403	INF	SGL	BAF_WEIGHTED	9211	0.3882	69773357	69773357	2	2	3.1	1
chr9	79467863	79467870	6	0	0	0.6995	SGL	SGL	STRUCTURAL_VARIANT	0	0	79467863	79467863	2	4	3.1	1
chr9	79467871	80411404	4	224	0.5415	0.5411	SGL	SGL	BAF_WEIGHTED	889	0.3844	79467871	79467871	2	2	3.1	1
chr9	80411405	90884294	4	1936	0.5426	0.5414	SGL	SGL	BAF_WEIGHTED	9592	0.4111	80411405	80411405	2	2	3.1	1
chr9	90884295	98328029	4	984	0.5432	0.5396	SGL	SGL	BAF_WEIGHTED	6491	0.4404	90884295	90884295	2	2	3.1	1
chr9	98328030	98328038	6	0	0	0.6779	SGL	SGL	STRUCTURAL_VARIANT	0	0	98328030	98328030	2	4	3.1	1
chr9	98328039	108437151	4	1675	0.543	0.5406	SGL	SGL	BAF_WEIGHTED	9519	0.3922	98328039	98328039	2	2	3.1	1
chr9	108437152	108437155	3	0	0	0.5744	SGL	SGL	STRUCTURAL_VARIANT	0	0	108437152	108437152	1	2	3.1	1
chr9	108437156	115321589	4	1501	0.5411	0.5396	SGL	SGL	BAF_WEIGHTED	6537	0.4223	108437156	108437156	2	2	3.1	1
chr9	115321590	115321601	7	0	0	0.7414	SGL	SGL	STRUCTURAL_VARIANT	0	0	115321590	115321590	2	5	3.1	1
chr9	115321602	116099842	4	75	0.54	0.5385	SGL	SGL	BAF_WEIGHTED	732	0.379	115321602	115321602	2	2	3.1	1
chr9	116099843	116103917	2	0	0	1	SGL	SGL	NON_DIPLOID	3	0.3927	116099843	116099843	0	2	3.1	1
chr9	116103918	118634409	4	618	0.542	0.5449	SGL	INF	BAF_WEIGHTED	2447	0.3984	116103918	116103918	2	2	3.1	1
chr9	118634410	118634410	6	0	0	0.7044	INF	SGL	STRUCTURAL_VARIANT	0	0	118634410	118634410	2	4	3.1	1
chr9	118634411	130958584	4	1857	0.5416	0.5394	SGL	INF	BAF_WEIGHTED	11467	0.4576	118634411	118634411	2	2	3.1	1
chr9	130958585	130958585	6	0	0	0.6742	INF	SGL	STRUCTURAL_VARIANT	0	0	130958585	130958585	2	4	3.1	1
chr9	130958586	138394717	4	1470	0.5432	0.5431	SGL	TELOMERE	BAF_WEIGHTED	5347	0.5257	130958586	130958586	2	2	3.1	1
chr10	1	2198814	2	555	1	1.005	TELOMERE	SGL	BAF_WEIGHTED	1923	0.4492	1	1	0	2	3.1	1
chr10	2198815	2198817	4	0	0	1.0023	SGL	SGL	STRUCTURAL_VARIANT	0	0	2198815	2198815	0	4	3.1	1
chr10	2198818	7017548	2	1274	0.9993	1.0043	SGL	BND	BAF_WEIGHTED	4507	0.4221	2198818	2198818	0	2	3.1	1
chr10	7017549	7090912	3	17	0.622	0.6229	BND	BND	BAF_WEIGHTED	64	0.4129	7017549	7017549	1	2	3.1	1
chr10	7090913	7592409	2	123	1	1.0052	BND	BND	BAF_WEIGHTED	486	0.4368	7090913	7090913	0	2	3.1	1
chr10	7592410	12545229	3	1200	0.7079	0.7094	BND	INF	BAF_WEIGHTED	4781	0.4039	7592410	7592410	1	2	3.1	1
chr10	12545230	12545230	4	0	0	0.7882	INF	SGL	STRUCTURAL_VARIANT	0	0	12545230	12545230	1	3	3.1	1
chr10	12545231	23486748	3	2184	0.7073	0.7088	SGL	SGL	BAF_WEIGHTED	10369	0.4059	12545231	12545231	1	2	3.1	1
chr10	23486749	23486754	4	0	0	0.7612	SGL	SGL	STRUCTURAL_VARIANT	0	0	23486749	23486749	1	3	3.1	1
chr10	23486755	30712346	3	1813	0.709	0.7105	SGL	SGL	BAF_WEIGHTED	6703	0.4064	23486755	23486755	1	2	3.1	1
chr10	30712347	30712352	2	0	0	1	SGL	SGL	STRUCTURAL_VARIANT	0	0	30712347	30712347	0	2	3.1	1
chr10	30712353	32410443	3	366	0.7136	0.7151	SGL	SGL	BAF_WEIGHTED	1587	0.406	30712353	30712353	1	2	3.1	1
chr10	32410444	33097525	3	65	0.6989	0.7003	SGL	DEL	BAF_WEIGHTED	580	0.3816	32410444	32410444	1	2	3.1	1
chr10	33097526	35830132	2	499	1	1.005	DEL	DEL	BAF_WEIGHTED	2642	0.4162	33097526	33097526	0	2	3.1	1
chr10	35830133	35830199	3	0	0	1.0035	DEL	BND	STRUCTURAL_VARIANT	0	0	35830133	35830133	0	3	3.1	1
chr10	35830200	38505274	2	462	1	1.0051	BND	SGL	BAF_WEIGHTED	2096	0.392	35830200	35830200	0	2	3.1	1
chr10	38505275	38573472	2	0	0	0.9707	SGL	SGL	STRUCTURAL_VARIANT	0	0.3945	38505275	38505275	0	2	3.1	1
chr10	38573473	38587048	2	0	0	0.8527	SGL	SGL	BAF_WEIGHTED	5	0.3518	38573473	38573473	0	2	3.1	1
chr10	38587049	38801498	2	0	0	1	SGL	SGL	STRUCTURAL_VARIANT	0	0.3769	38587049	38587049	0	2	3.1	1
chr10	38801499	40640101	2	0	0	0.9791	SGL	CENTROMERE	BAF_WEIGHTED	485	0.3704	38801499	38801499	0	2	3.1	1
chr10	40640102	41821655	2	8	1	1.0051	CENTROMERE	INF	BAF_WEIGHTED	90	0.366	40640102	40640102	0	2	3.1	1
chr10	41821656	41821656	3	0	0	1.0033	INF	SGL	STRUCTURAL_VARIANT	0	0	41821656	41821656	0	3	3.1	1
chr10	41821657	46526114	2	758	1	1.0051	SGL	SGL	BAF_WEIGHTED	3030	0.4407	41821657	41821657	0	2	3.1	1
chr10	46526115	58717463	2	2582	1	1.0051	SGL	BND	BAF_WEIGHTED	9877	0.3778	46526115	46526115	0	2	3.1	1
chr10	58717464	58717662	4	0	0	1.0026	BND	BND	STRUCTURAL_VARIANT	0	0	58717464	58717464	0	4	3.1	1
chr10	58717663	80627650	2	4536	1	1.005	BND	SGL	BAF_WEIGHTED	20383	0.4176	58717663	58717663	0	2	3.1	1
chr10	80627651	80627654	6	0	0	1.0016	SGL	SGL	STRUCTURAL_VARIANT	0	0	80627651	80627651	0	6	3.1	1
chr10	80627655	81882050	2	195	1	1.005	SGL	DEL	BAF_WEIGHTED	1174	0.3721	80627655	80627655	0	2	3.1	1
chr10	81882051	82067909	2	3	0.9831	0.9885	DEL	DEL	BAF_WEIGHTED	174	0.3746	81882051	81882051	0	2	3.1	1
chr10	82067910	86753660	2	969	1	1.005	DEL	SGL	BAF_WEIGHTED	4422	0.4038	82067910	82067910	0	2	3.1	1
chr10	86753661	86753670	4	0	0	1.0023	SGL	SGL	STRUCTURAL_VARIANT	0	0	86753661	86753661	0	4	3.1	1
chr10	86753671	87940542	2	123	1	1.005	SGL	DEL	BAF_WEIGHTED	701	0.4021	86753671	86753671	0	2	3.1	1
chr10	87940543	87952583	0	0	0	1	DEL	DEL	BAF_WEIGHTED	11	0.3647	87940543	87940543	0	0	3.1	1
chr10	87952584	113503348	2	5583	1	1.005	DEL	SGL	BAF_WEIGHTED	24090	0.4144	87952584	87952584	0	2	3.1	1
chr10	113503349	113503349	3	0	0	1.0035	SGL	INF	STRUCTURAL_VARIANT	0	0	113503349	113503349	0	3	3.1	1
chr10	113503350	133797422	2	4081	1	1.005	INF	TELOMERE	BAF_WEIGHTED	18623	0.4452	113503350	113503350	0	2	3.1	1
chr11	1	4519903	3	879	1	1.0032	TELOMERE	SGL	BAF_WEIGHTED	2554	0.5236	1	1	0	3	3.1	1
chr11	4519904	4519921	5	0	0	1.0022	SGL	SGL	STRUCTURAL_VARIANT	0	0	4519904	4519904	0	5	3.1	1
chr11	4519922	10622901	3	1935	1	1.0032	SGL	INF	BAF_WEIGHTED	5618	0.4117	4519922	4519922	0	3	3.1	1
chr11	10622902	10622902	4	0	0	1.0023	INF	SGL	STRUCTURAL_VARIANT	0	0	10622902	10622902	0	4	3.1	1
chr11	10622903	10866237	3	118	1	1.0031	SGL	SGL	BAF_WEIGHTED	239	0.4388	10622903	10622903	0	3	3.1	1
chr11	10866238	26412828	3	3858	1	1.0031	SGL	INF	BAF_WEIGHTED	14528	0.3979	10866238	10866238	0	3	3.1	1
chr11	26412829	26412829	4	0	0	1.0023	INF	SGL	STRUCTURAL_VARIANT	0	0	26412829	26412829	0	4	3.1	1
chr11	26412830	27003684	3	194	1	1.0031	SGL	SGL	BAF_WEIGHTED	564	0.3654	26412830	26412830	0	3	3.1	1
chr11	27003685	27003694	4	0	0	1.0024	SGL	SGL	STRUCTURAL_VARIANT	0	0	27003685	27003685	0	4	3.1	1
chr11	27003695	36309610	3	1781	1	1.0031	SGL	SGL	BAF_WEIGHTED	8758	0.397	27003695	27003695	0	3	3.1	1
chr11	36309611	36309611	5	0	0	1.0021	SGL	INF	STRUCTURAL_VARIANT	0	0	36309611	36309611	0	5	3.1	1
chr11	36309612	37438374	3	271	1	1.0032	INF	INV	BAF_WEIGHTED	1058	0.3865	36309612	36309612	0	3	3.1	1
chr11	37438375	37438553	3	0	0	1.003	INV	INV	STRUCTURAL_VARIANT	0	0	37438375	37438375	0	3	3.1	1
chr11	37438554	40837689	3	771	1	1.0032	INV	INV	BAF_WEIGHTED	3195	0.3568	37438554	37438554	0	3	3.1	1
chr11	40837690	40838308	3	0	0	1.0035	INV	INV	STRUCTURAL_VARIANT	0	0	40837690	40837690	0	3	3.1	1
chr11	40838309	43441114	3	607	1	1.0034	INV	SGL	BAF_WEIGHTED	2419	0.3734	40838309	40838309	0	3	3.1	1
chr11	43441115	43441132	8	0	0	1.0013	SGL	SGL	STRUCTURAL_VARIANT	0	0	43441115	43441115	0	8	3.1	1
chr11	43441133	48734294	3	396	1	1.0033	SGL	SGL	BAF_WEIGHTED	4712	0.456	43441133	43441133	0	3	3.1	1
chr11	48734295	48734299	11	0	0	1.0009	SGL	SGL	STRUCTURAL_VARIANT	0	0	48734295	48734295	0	11	3.1	1
chr11	48734300	48922351	3	1	0.9878	0.9911	SGL	SGL	BAF_WEIGHTED	111	0.3669	48734300	48734300	0	3	3.1	1
chr11	48922352	48922352	4	0	0	0.87	SGL	INF	STRUCTURAL_VARIANT	0	0	48922352	48922352	1	3	3.1	1
chr11	48922353	52730119	3	9	0.8228	0.825	INF	SGL	BAF_WEIGHTED	686	0.3841	48922353	48922353	1	2	3.1	1
chr11	52730120	52751710	4	0	0	0.8475	SGL	CENTROMERE	STRUCTURAL_VARIANT	0	0	52730120	52730120	1	3	3.1	1
chr11	52751711	53742330	3	0	0	1.0039	CENTROMERE	SGL	STRUCTURAL_VARIANT	0	0	52751711	52751711	0	3	3.1	1
chr11	53742331	54541237	4	0	0	1.0023	SGL	SGL	NON_DIPLOID	1	0.375	53742331	53742331	0	4	3.1	1
chr11	54541238	67824988	3	1997	1	1.0034	SGL	SGL	BAF_WEIGHTED	10985	0.4517	54541238	54541238	0	3	3.1	1
chr11	67824989	67825014	4	0	0	1.0025	SGL	SGL	STRUCTURAL_VARIANT	0	0	67824989	67824989	0	4	3.1	1
chr11	67825015	68428939	3	80	1	1.0035	SGL	INF	BAF_WEIGHTED	380	0.5025	67825015	67825015	0	3	3.1	1
chr11	68428940	68428940	5	0	0	1.0021	INF	SGL	STRUCTURAL_VARIANT	0	0	68428940	68428940	0	5	3.1	1
chr11	68428941	79480569	3	1768	1	1.0034	SGL	BND	BAF_WEIGHTED	9803	0.4619	68428941	68428941	0	3	3.1	1
chr11	79480570	81074557	3	413	1	1.0035	BND	DEL	BAF_WEIGHTED	1537	0.3812	79480570	79480570	0	3	3.1	1
chr11	81074558	81382738	2	132	1	1.0065	DEL	DEL	BAF_WEIGHTED	298	0.3602	81074558	81074558	0	2	3.1	1
chr11	81382739	83401138	3	482	1	1.0034	DEL	SGL	BAF_WEIGHTED	1893	0.3736	81382739	81382739	0	3	3.1	1
chr11	83401139	83401139	4	0	0	1.0027	SGL	INF	STRUCTURAL_VARIANT	0	0	83401139	83401139	0	4	3.1	1
chr11	83401140	91154802	3	1635	1	1.0035	INF	SGL	BAF_WEIGHTED	6187	0.3747	83401140	83401140	0	3	3.1	1
chr11	91154803	91154803	4	0	0	1.0026	SGL	INF	STRUCTURAL_VARIANT	0	0	91154803	91154803	0	4	3.1	1
chr11	91154804	99858683	3	1401	1	1.0035	INF	MULTIPLE	BAF_WEIGHTED	8130	0.3764	91154804	91154804	0	3	3.1	1
chr11	99858684	99941566	3	24	1	1.0035	MULTIPLE	SGL	BAF_WEIGHTED	80	0.3503	99858684	99858684	0	3	3.1	1
chr11	99941567	99941616	2	0	0	1.0049	SGL	SGL	STRUCTURAL_VARIANT	0	0	99941567	99941567	0	2	3.1	1
chr11	99941617	106299745	3	1202	1	1.0035	SGL	SGL	BAF_WEIGHTED	5987	0.3714	99941617	99941617	0	3	3.1	1
chr11	106299746	106299752	6	0	0	1.0017	SGL	SGL	STRUCTURAL_VARIANT	0	0	106299746	106299746	0	6	3.1	1
chr11	106299753	117629514	3	1977	1	1.0035	SGL	INF	BAF_WEIGHTED	10764	0.4138	106299753	106299753	0	3	3.1	1
chr11	117629515	117629515	4	0	0	1.0025	INF	SGL	STRUCTURAL_VARIANT	0	0	117629515	117629515	0	4	3.1	1
chr11	117629516	133140747	3	3380	1	1.0035	SGL	SGL	BAF_WEIGHTED	14717	0.4341	117629516	117629516	0	3	3.1	1
chr11	133140748	135086622	3	452	1	1.0035	SGL	TELOMERE	BAF_WEIGHTED	1739	0.4551	133140748	133140748	0	3	3.1	1
chr12	1	3639476	3	636	0.666	0.6671	TELOMERE	INF	BAF_WEIGHTED	3338	0.4583	1	1	1	2	3.1	1
chr12	3639477	3639477	4	0	0	0.7656	INF	SGL	STRUCTURAL_VARIANT	0	0	3639477	3639477	1	3	3.1	1
chr12	3639478	7677454	3	800	0.6657	0.6668	SGL	INF	BAF_WEIGHTED	3715	0.4461	3639478	3639478	1	2	3.1	1
chr12	7677455	7677455	5	0	0	0.7808	INF	SGL	STRUCTURAL_VARIANT	0	0	7677455	7677455	1	4	3.1	1
chr12	7677456	10479442	3	784	0.6671	0.6682	SGL	INF	BAF_WEIGHTED	2048	0.4027	7677456	7677456	1	2	3.1	1
chr12	10479443	10479443	4	0	0	0.7437	INF	SGL	STRUCTURAL_VARIANT	0	0	10479443	10479443	1	3	3.1	1
chr12	10479444	14019027	3	1085	0.6668	0.6679	SGL	INF	BAF_WEIGHTED	3230	0.4083	10479444	10479444	1	2	3.1	1
chr12	14019028	14019028	4	0	0	0.7715	INF	SGL	STRUCTURAL_VARIANT	0	0	14019028	14019028	1	3	3.1	1
chr12	14019029	35977329	3	4009	0.6656	0.6667	SGL	CENTROMERE	BAF_WEIGHTED	19037	0.3819	14019029	14019029	1	2	3.1	1
chr12	35977330	37845394	3	1	0.6871	0.6883	CENTROMERE	SGL	BAF_WEIGHTED	333	0.371	35977330	35977330	1	2	3.1	1
chr12	37845395	37845396	5	0	0	0.7774	SGL	SGL	STRUCTURAL_VARIANT	0	0	37845395	37845395	1	4	3.1	1
chr12	37845397	47638092	3	2415	0.6673	0.6684	SGL	SGL	BAF_WEIGHTED	8949	0.3766	37845397	37845397	1	2	3.1	1
chr12	47638093	51719798	3	418	0.6641	0.6652	SGL	SGL	BAF_WEIGHTED	3796	0.4499	47638093	47638093	1	2	3.1	1
chr12	51719799	51719799	4	0	0	0.7463	SGL	INF	STRUCTURAL_VARIANT	0	0	51719799	51719799	1	3	3.1	1
chr12	51719800	56345503	3	657	0.6676	0.6687	INF	BND	BAF_WEIGHTED	4176	0.4603	51719800	51719800	1	2	3.1	1
chr12	56345504	62964910	3	1566	0.6685	0.6696	BND	SGL	BAF_WEIGHTED	6100	0.3919	56345504	56345504	1	2	3.1	1
chr12	62964911	62964925	4	0	0	0.766	SGL	SGL	STRUCTURAL_VARIANT	0	0	62964911	62964911	1	3	3.1	1
chr12	62964926	65003510	3	372	0.6671	0.6682	SGL	SGL	BAF_WEIGHTED	1717	0.3996	62964926	62964926	1	2	3.1	1
chr12	65003511	65003525	5	0	0	0.7856	SGL	SGL	STRUCTURAL_VARIANT	0	0	65003511	65003511	1	4	3.1	1
chr12	65003526	72273111	3	1294	0.6687	0.6698	SGL	BND	BAF_WEIGHTED	6908	0.3887	65003526	65003526	1	2	3.1	1
chr12	72273112	72273294	5	0	0	0.803	BND	BND	STRUCTURAL_VARIANT	0	0	72273112	72273112	1	4	3.1	1
chr12	72273295	74926896	3	282	0.6596	0.6606	BND	SGL	BAF_WEIGHTED	2450	0.3493	72273295	72273295	1	2	3.1	1
chr12	74926897	74926908	4	0	0	0.7321	SGL	SGL	STRUCTURAL_VARIANT	0	0	74926897	74926897	1	3	3.1	1
chr12	74926909	87477007	3	2711	0.6666	0.6678	SGL	SGL	BAF_WEIGHTED	11826	0.3589	74926909	74926909	1	2	3.1	1
chr12	87477008	87477037	1	0	0	0.8393	SGL	SGL	STRUCTURAL_VARIANT	0	0	87477008	87477008	0	1	3.1	1
chr12	87477038	89643083	3	155	0.6652	0.6663	SGL	SGL	BAF_WEIGHTED	2009	0.3677	87477038	87477038	1	2	3.1	1
chr12	89643084	91767369	3	344	0.6632	0.6643	SGL	DEL	BAF_WEIGHTED	2043	0.3598	89643084	89643084	1	2	3.1	1
chr12	91767370	91767404	2	0	0	0.5362	DEL	DEL	STRUCTURAL_VARIANT	0	0	91767370	91767370	1	1	3.1	1
chr12	91767405	103840465	3	2680	0.6685	0.6696	DEL	INF	BAF_WEIGHTED	11464	0.3981	91767405	91767405	1	2	3.1	1
chr12	103840466	103840466	4	0	0	0.7482	INF	SGL	STRUCTURAL_VARIANT	0	0	103840466	103840466	1	3	3.1	1
chr12	103840467	125893708	3	3896	0.6671	0.6682	SGL	INF	BAF_WEIGHTED	21052	0.4524	103840467	103840467	1	2	3.1	1
chr12	125893709	125893709	4	0	0	0.7393	INF	SGL	STRUCTURAL_VARIANT	0	0	125893709	125893709	1	3	3.1	1
chr12	125893710	129287232	3	896	0.6706	0.6718	SGL	SGL	BAF_WEIGHTED	3262	0.4236	125893710	125893710	1	2	3.1	1
chr12	129287233	129287234	2	0	0	0.6226	SGL	SGL	STRUCTURAL_VARIANT	0	0	129287233	129287233	1	1	3.1	1
chr12	129287235	133275309	3	1023	0.67	0.6711	SGL	TELOMERE	BAF_WEIGHTED	3237	0.4792	129287235	129287235	1	2	3.1	1
chr13	1	16013442	3	0	0	0.609	TELOMERE	SGL	LONG_ARM	0	0	1	1	1	2	3.1	1
chr13	16013443	16022456	3	0	0	0.609	SGL	SGL	LONG_ARM	0	0	16013443	16013443	1	2	3.1	1
chr13	16022457	16114662	3	0	0	0.609	SGL	SGL	LONG_ARM	0	0	16022457	16022457	1	2	3.1	1
chr13	16114663	16149816	3	0	0	0.609	SGL	SGL	LONG_ARM	0	0	16114663	16114663	1	2	3.1	1
chr13	16149817	16152917	3	0	0	0.609	SGL	SGL	LONG_ARM	0	0	16149817	16149817	1	2	3.1	1
chr13	16152918	16157029	3	0	0	0.609	SGL	SGL	LONG_ARM	0	0	16152918	16152918	1	2	3.1	1
chr13	16157030	16266223	3	0	0	0.609	SGL	SGL	LONG_ARM	0	0	16157030	16157030	1	2	3.1	1
chr13	16266224	16526803	3	0	0	0.609	SGL	SGL	LONG_ARM	0	0	16266224	16266224	1	2	3.1	1
chr13	16526804	17022447	3	0	0	0.609	SGL	SGL	LONG_ARM	0	0	16526804	16526804	1	2	3.1	1
chr13	17022448	17025623	3	0	0	0.609	SGL	CENTROMERE	LONG_ARM	0	0	17022448	17022448	1	2	3.1	1
chr13	17025624	17338020	3	0	0	0.609	CENTROMERE	SGL	STRUCTURAL_VARIANT	0	0	17025624	17025624	1	2	3.1	1
chr13	17338021	21242639	3	408	0.5411	0.5449	SGL	SGL	BAF_WEIGHTED	1931	0.4276	1	17338021	1	2	3.1	1
chr13	21242640	21242640	5	0	0	0.7473	SGL	INF	STRUCTURAL_VARIANT	0	0	21242640	21242640	1	4	3.1	1
chr13	21242641	29383252	3	2020	0.5452	0.5465	INF	SGL	BAF_WEIGHTED	7440	0.4151	21242641	21242641	1	2	3.1	1
chr13	29383253	29383253	4	0	0	0.6395	SGL	SGL	STRUCTURAL_VARIANT	0	0	29383253	29383253	1	3	3.1	1
chr13	29383254	29558033	3	28	0.5485	0.5489	SGL	INF	BAF_WEIGHTED	170	0.4481	29383254	29383254	1	2	3.1	1
chr13	29558034	29558034	7	0	0	0.8081	INF	SGL	STRUCTURAL_VARIANT	0	0	29558034	29558034	1	6	3.1	1
chr13	29558035	34164822	3	1049	0.5455	0.5458	SGL	SGL	BAF_WEIGHTED	4405	0.4058	29558035	29558035	1	2	3.1	1
chr13	34164823	34164829	4	0	0	0.6684	SGL	SGL	STRUCTURAL_VARIANT	0	0	34164823	34164823	1	3	3.1	1
chr13	34164830	37215564	3	392	0.5459	0.5462	SGL	SGL	BAF_WEIGHTED	2910	0.3827	34164830	34164830	1	2	3.1	1
chr13	37215565	37215577	4	0	0	0.673	SGL	SGL	STRUCTURAL_VARIANT	0	0	37215565	37215565	1	3	3.1	1
chr13	37215578	39369566	3	594	0.548	0.5484	SGL	SGL	BAF_WEIGHTED	2043	0.3659	37215578	37215578	1	2	3.1	1
chr13	39369567	39369567	2	0	0	0.561	SGL	SGL	STRUCTURAL_VARIANT	0	0	39369567	39369567	1	1	3.1	1
chr13	39369568	40132671	3	128	0.5465	0.5468	SGL	SGL	BAF_WEIGHTED	728	0.3876	39369568	39369568	1	2	3.1	1
chr13	40132672	40132677	5	0	0	0.7191	SGL	SGL	STRUCTURAL_VARIANT	0	0	40132672	40132672	1	4	3.1	1
chr13	40132678	45427737	3	748	0.546	0.5471	SGL	SGL	BAF_WEIGHTED	4974	0.4046	40132678	40132678	1	2	3.1	1
chr13	45427738	45427738	2	0	0	0.5506	SGL	SGL	STRUCTURAL_VARIANT	0	0	45427738	45427738	1	1	3.1	1
chr13	45427739	51015857	3	1148	0.5451	0.5462	SGL	SGL	BAF_WEIGHTED	5205	0.3974	45427739	45427739	1	2	3.1	1
chr13	51015858	51015863	4	0	0	0.7006	SGL	SGL	STRUCTURAL_VARIANT	0	0	51015858	51015858	1	3	3.1	1
chr13	51015864	59982892	3	1858	0.5452	0.5459	SGL	SGL	BAF_WEIGHTED	8220	0.3661	51015864	51015864	1	2	3.1	1
chr13	59982893	60888194	3	31	0.5455	0.5458	SGL	INF	BAF_WEIGHTED	855	0.3761	59982893	59982893	1	2	3.1	1
chr13	60888195	60888195	9	0	0	0.8448	INF	SGL	STRUCTURAL_VARIANT	0	0	60888195	60888195	1	8	3.1	1
chr13	60888196	76560137	3	2851	0.5443	0.5456	SGL	SGL	BAF_WEIGHTED	14907	0.3528	60888196	60888196	1	2	3.1	1
chr13	76560138	76560154	3	0	0	0.6212	SGL	SGL	STRUCTURAL_VARIANT	0	0	76560138	76560138	1	2	3.1	1
chr13	76560155	85592308	3	1498	0.5461	0.5464	SGL	SGL	BAF_WEIGHTED	8599	0.3592	76560155	76560155	1	2	3.1	1
chr13	85592309	85592313	1	0	0	0.9496	SGL	SGL	STRUCTURAL_VARIANT	0	0	85592309	85592309	0	1	3.1	1
chr13	85592314	90503620	3	1084	0.5439	0.5462	SGL	SGL	BAF_WEIGHTED	4654	0.3433	85592314	85592314	1	2	3.1	1
chr13	90503621	90503642	3	0	0	0.6228	SGL	SGL	STRUCTURAL_VARIANT	0	0	90503621	90503621	1	2	3.1	1
chr13	90503643	90973976	3	173	0.5428	0.5453	SGL	INF	BAF_WEIGHTED	446	0.3586	90503643	90503643	1	2	3.1	1
chr13	90973977	90973977	6	0	0	0.7706	INF	SGL	STRUCTURAL_VARIANT	0	0	90973977	90973977	1	5	3.1	1
chr13	90973978	94034251	3	591	0.5466	0.5469	SGL	SGL	BAF_WEIGHTED	2917	0.3611	90973978	90973978	1	2	3.1	1
chr13	94034252	112934555	3	5308	0.5448	0.546	SGL	SGL	BAF_WEIGHTED	17806	0.4032	94034252	94034252	1	2	3.1	1
chr13	112934556	112934581	3	0	0	0.5987	SGL	SGL	STRUCTURAL_VARIANT	0	0	112934556	112934556	1	2	3.1	1
chr13	112934582	114364328	3	161	0.5456	0.5482	SGL	TELOMERE	BAF_WEIGHTED	1045	0.5081	112934582	112934582	1	2	3.1	1
chr14	1	16101229	3	0	0	1.0033	TELOMERE	SGL	LONG_ARM	6	0.3568	1	1	0	3	3.1	1
chr14	16101230	17086761	3	0	0	1.0033	SGL	CENTROMERE	LONG_ARM	0	0	16101230	16101230	0	3	3.1	1
chr14	17086762	33201316	3	2167	1	1.0033	CENTROMERE	SGL	BAF_WEIGHTED	12111	0.3924	17086762	17086762	0	3	3.1	1
chr14	33201317	33201332	2	0	0	1.0046	SGL	SGL	STRUCTURAL_VARIANT	0	0	33201317	33201317	0	2	3.1	1
chr14	33201333	34779418	3	196	1	1.0033	SGL	SGL	BAF_WEIGHTED	1487	0.4069	33201333	33201333	0	3	3.1	1
chr14	34779419	34779427	6	0	0	1.0018	SGL	SGL	STRUCTURAL_VARIANT	0	0	34779419	34779419	0	6	3.1	1
chr14	34779428	34928174	3	0	0	1.0034	SGL	SGL	BAF_WEIGHTED	145	0.4062	34779428	34779428	0	3	3.1	1
chr14	34928175	34928184	7	0	0	1.0015	SGL	SGL	STRUCTURAL_VARIANT	0	0	34928175	34928175	0	7	3.1	1
chr14	34928185	37555906	3	425	1	1.0034	SGL	SGL	BAF_WEIGHTED	2456	0.3904	34928185	34928185	0	3	3.1	1
chr14	37555907	52904825	3	2281	1	1.0034	SGL	SGL	BAF_WEIGHTED	13831	0.3687	37555907	37555907	0	3	3.1	1
chr14	52904826	52904835	8	0	0	1.0013	SGL	SGL	STRUCTURAL_VARIANT	0	0	52904826	52904826	0	8	3.1	1
chr14	52904836	54457253	3	237	1	1.0033	SGL	SGL	BAF_WEIGHTED	1456	0.3958	52904836	52904836	0	3	3.1	1
chr14	54457254	54457267	5	0	0	1.002	SGL	SGL	STRUCTURAL_VARIANT	0	0	54457254	54457254	0	5	3.1	1
chr14	54457268	72547940	3	2619	1	1.0033	SGL	DUP	BAF_WEIGHTED	17106	0.4075	54457268	54457268	0	3	3.1	1
chr14	72547941	72548038	5	0	0	1.0019	DUP	DUP	STRUCTURAL_VARIANT	0	0	72547941	72547941	0	5	3.1	1
chr14	72548039	73546932	3	140	1	1.0034	DUP	SGL	BAF_WEIGHTED	950	0.4477	72548039	72548039	0	3	3.1	1
chr14	73546933	73546943	5	0	0	1.0021	SGL	SGL	STRUCTURAL_VARIANT	0	0	73546933	73546933	0	5	3.1	1
chr14	73546944	76266830	3	699	1	1.0034	SGL	INF	BAF_WEIGHTED	2613	0.4464	73546944	73546944	0	3	3.1	1
chr14	76266831	76266831	4	0	0	1.0027	INF	SGL	STRUCTURAL_VARIANT	0	0	76266831	76266831	0	4	3.1	1
chr14	76266832	79540267	3	567	1	1.0034	SGL	SGL	BAF_WEIGHTED	3154	0.4354	76266832	76266832	0	3	3.1	1
chr14	79540268	79540268	4	0	0	1.0023	SGL	INF	STRUCTURAL_VARIANT	0	0	79540268	79540268	0	4	3.1	1
chr14	79540269	85761699	3	1219	1	1.0034	INF	INF	BAF_WEIGHTED	5980	0.3688	79540269	79540269	0	3	3.1	1
chr14	85761700	85761700	4	0	0	1.0025	INF	SGL	STRUCTURAL_VARIANT	0	0	85761700	85761700	0	4	3.1	1
chr14	85761701	90445470	3	1200	1	1.0034	SGL	SGL	BAF_WEIGHTED	4446	0.3972	85761701	85761701	0	3	3.1	1
chr14	90445471	90445694	9	0	0	1.0011	SGL	SGL	STRUCTURAL_VARIANT	0	0	90445471	90445471	0	9	3.1	1
chr14	90445695	98216356	3	1376	1	1.0033	SGL	INF	BAF_WEIGHTED	7490	0.4456	90445695	90445695	0	3	3.1	1
chr14	98216357	98216357	4	0	0	1.0025	INF	SGL	STRUCTURAL_VARIANT	0	0	98216357	98216357	0	4	3.1	1
chr14	98216358	104231853	3	1254	1	1.0034	SGL	SGL	BAF_WEIGHTED	5427	0.4744	98216358	98216358	0	3	3.1	1
chr14	104231854	104231868	2	0	0	1.0043	SGL	SGL	STRUCTURAL_VARIANT	0	0	104231854	104231854	0	2	3.1	1
chr14	104231869	107043718	3	158	1	1.0033	SGL	TELOMERE	BAF_WEIGHTED	1050	0.5187	104231869	104231869	0	3	3.1	1
chr15	1	18362626	3	0	0	0.5503	TELOMERE	CENTROMERE	LONG_ARM	2	0.458	1	1	1	2	3.1	1
chr15	18362627	19640061	3	0	0	0.5503	CENTROMERE	SGL	STRUCTURAL_VARIANT	0	0	18362627	18362627	1	2	3.1	1
chr15	19640062	23440459	4	89	0.554	0.5482	SGL	BND	BAF_WEIGHTED	362	0.4564	19640062	19640062	2	2	3.1	1
chr15	23440460	23461731	5	0	0	0.6463	BND	BND	BAF_WEIGHTED	15	0.4173	23440460	23440460	2	3	3.1	1
chr15	23461732	23467471	6	0	0	0.7188	BND	BND	BAF_WEIGHTED	5	0.3648	23461732	23461732	2	4	3.1	1
chr15	23467472	23472018	5	0	0	0.6463	BND	BND	BAF_WEIGHTED	4	0.4262	23467472	23467472	2	3	3.1	1
chr15	23472019	23586512	6	62	0.6456	0.6461	BND	INV	BAF_WEIGHTED	110	0.3953	23472019	23472019	2	4	3.1	1
chr15	23586513	23747555	4	13	0.5154	0.5116	INV	INV	BAF_WEIGHTED	141	0.4104	23586513	23586513	2	2	3.1	1
chr15	23747556	34340393	2	2026	1	1.0051	INV	SGL	BAF_WEIGHTED	7841	0.4216	23747556	23747556	0	2	3.1	1
chr15	34340394	34340404	6	0	0	1.0018	SGL	SGL	STRUCTURAL_VARIANT	0	0	34340394	34340394	0	6	3.1	1
chr15	34340405	41329095	2	1252	1	1.005	SGL	DUP	BAF_WEIGHTED	6476	0.3989	34340405	34340405	0	2	3.1	1
chr15	41329096	41336310	4	0	0	1.0026	DUP	DUP	BAF_WEIGHTED	5	0.43	41329096	41329096	0	4	3.1	1
chr15	41336311	53271568	2	1431	1	1.005	DUP	SGL	BAF_WEIGHTED	10896	0.4079	41336311	41336311	0	2	3.1	1
chr15	53271569	62793828	2	2616	1	1.005	SGL	SGL	BAF_WEIGHTED	9051	0.3992	53271569	53271569	0	2	3.1	1
chr15	62793829	62793838	6	0	0	1.0017	SGL	SGL	STRUCTURAL_VARIANT	0	0	62793829	62793829	0	6	3.1	1
chr15	62793839	67002509	2	601	1	1.005	SGL	SGL	BAF_WEIGHTED	4061	0.4492	62793839	62793839	0	2	3.1	1
chr15	67002510	67002513	6	0	0	1.0017	SGL	SGL	STRUCTURAL_VARIANT	0	0	67002510	67002510	0	6	3.1	1
chr15	67002514	77699773	2	1785	1	1.005	SGL	SGL	BAF_WEIGHTED	9829	0.4417	67002514	67002514	0	2	3.1	1
chr15	77699774	84141972	2	1110	1	1.005	SGL	BND	BAF_WEIGHTED	5585	0.4353	77699774	77699774	0	2	3.1	1
chr15	84141973	84597665	4	1	0.5701	0.5704	BND	SGL	BAF_WEIGHTED	24	0.4446	84141973	84141973	2	2	3.1	1
chr15	84597666	84597678	10	0	0	0.7903	SGL	SGL	STRUCTURAL_VARIANT	0	0	84597666	84597666	2	8	3.1	1
chr15	84597679	94814097	4	2949	0.5321	0.5021	SGL	SGL	BAF_WEIGHTED	9557	0.4302	84597679	84597679	2	2	3.1	1
chr15	94814098	95080438	4	111	0.5278	0.5014	SGL	SGL	BAF_WEIGHTED	261	0.381	94814098	94814098	2	2	3.1	1
chr15	95080439	95080621	1	0	0	1	SGL	SGL	STRUCTURAL_VARIANT	0	0	95080439	95080439	0	1	3.1	1
chr15	95080622	95584540	4	85	0.5328	0.5039	SGL	SGL	BAF_WEIGHTED	500	0.3794	95080622	95080622	2	2	3.1	1
chr15	95584541	95584550	6	0	0	0.6449	SGL	SGL	STRUCTURAL_VARIANT	0	0	95584541	95584541	2	4	3.1	1
chr15	95584551	100272598	4	1226	0.5317	0.5025	SGL	SGL	BAF_WEIGHTED	4417	0.41	95584551	95584551	2	2	3.1	1
chr15	100272599	100272611	6	0	0	0.6754	SGL	SGL	STRUCTURAL_VARIANT	0	0	100272599	100272599	2	4	3.1	1
chr15	100272612	101991189	4	326	0.5345	0.5094	SGL	TELOMERE	BAF_WEIGHTED	1431	0.449	100272612	100272612	2	2	3.1	1
chr16	1	6578613	3	1506	0.5974	0.598	TELOMERE	SGL	BAF_WEIGHTED	4804	0.5095	1	1	1	2	3.1	1
chr16	6578614	6578622	2	0	0	0.8768	SGL	SGL	STRUCTURAL_VARIANT	0	0	6578614	6578614	0	2	3.1	1
chr16	6578623	6743820	3	45	0.623	0.6238	SGL	SGL	BAF_WEIGHTED	162	0.4093	6578623	6578623	1	2	3.1	1
chr16	6743821	6743839	1	0	0	1	SGL	SGL	STRUCTURAL_VARIANT	0	0	6743821	6743821	0	1	3.1	1
chr16	6743840	17534219	3	3523	0.5985	0.5991	SGL	INF	BAF_WEIGHTED	9168	0.4439	6743840	6743840	1	2	3.1	1
chr16	17534220	17534220	4	0	0	0.6909	INF	SGL	STRUCTURAL_VARIANT	0	0	17534220	17534220	1	3	3.1	1
chr16	17534221	18948767	3	220	0.6019	0.6026	SGL	SGL	BAF_WEIGHTED	600	0.4191	17534221	17534221	1	2	3.1	1
chr16	18948768	18948781	4	0	0	0.7012	SGL	SGL	STRUCTURAL_VARIANT	0	0	18948768	18948768	1	3	3.1	1
chr16	18948782	27024864	3	1289	0.6002	0.6008	SGL	INF	BAF_WEIGHTED	6945	0.4358	18948782	18948782	1	2	3.1	1
chr16	27024865	27024865	4	0	0	0.7201	INF	SGL	STRUCTURAL_VARIANT	0	0	27024865	27024865	1	3	3.1	1
chr16	27024866	29226798	3	388	0.6052	0.6058	SGL	SGL	BAF_WEIGHTED	1580	0.4853	27024866	27024866	1	2	3.1	1
chr16	29226799	29227349	1	0	0	1	SGL	SGL	STRUCTURAL_VARIANT	0	0	29226799	29226799	0	1	3.1	1
chr16	29227350	33774475	3	271	0.6	0.6006	SGL	INF	BAF_WEIGHTED	1850	0.492	29227350	29227350	1	2	3.1	1
chr16	33774476	33774476	4	0	0	0.6871	INF	SGL	STRUCTURAL_VARIANT	0	0	33774476	33774476	1	3	3.1	1
chr16	33774477	34189962	3	5	0.5665	0.5726	SGL	SGL	BAF_WEIGHTED	35	0.374	33774477	33774477	1	2	3.1	1
chr16	34189963	34189977	4	0	0	0.5121	SGL	SGL	STRUCTURAL_VARIANT	0	0	34189963	34189963	2	2	3.1	1
chr16	34189978	34586369	3	0	0	0.613	SGL	SGL	BAF_WEIGHTED	37	0.3699	34189978	34189978	1	2	3.1	1
chr16	34586370	37295919	2	50	1	1.005	SGL	CENTROMERE	BAF_WEIGHTED	1070	0.395	34586370	34586370	0	2	3.1	1
chr16	37295920	46380742	2	0	0	1.0052	CENTROMERE	SGL	STRUCTURAL_VARIANT	0	0	37295920	37295920	0	2	3.1	1
chr16	46380743	58590641	2	2069	1	1.0051	SGL	DEL	BAF_WEIGHTED	11405	0.4364	46380743	46380743	0	2	3.1	1
chr16	58590642	58629426	0	0	0	1	DEL	DEL	BAF_WEIGHTED	38	0.4414	58590642	58590642	0	0	3.1	1
chr16	58629427	60235166	2	396	1	1.0051	DEL	SGL	BAF_WEIGHTED	1465	0.3827	58629427	58629427	0	2	3.1	1
chr16	60235167	60235256	1	0	0	1.0075	SGL	SGL	STRUCTURAL_VARIANT	0	0	60235167	60235167	0	1	3.1	1
chr16	60235257	62547566	2	349	1	1.0051	SGL	SGL	BAF_WEIGHTED	2207	0.3624	60235257	60235257	0	2	3.1	1
chr16	62547567	78894739	2	3206	1	1.0051	SGL	DEL	BAF_WEIGHTED	14814	0.4247	62547567	62547567	0	2	3.1	1
chr16	78894740	79061106	1	81	1	1	DEL	DEL	BAF_WEIGHTED	163	0.4355	78894740	78894740	0	1	3.1	1
chr16	79061107	79770130	2	221	1	1.0051	DEL	SGL	BAF_WEIGHTED	697	0.4316	79061107	79061107	0	2	3.1	1
chr16	79770131	79770170	1	0	0	1.0087	SGL	SGL	STRUCTURAL_VARIANT	0	0	79770131	79770131	0	1	3.1	1
chr16	79770171	84226724	2	1245	1	1.0051	SGL	MULTIPLE	BAF_WEIGHTED	4307	0.4381	79770171	79770171	0	2	3.1	1
chr16	84226725	90338345	2	1907	1	1.005	MULTIPLE	TELOMERE	BAF_WEIGHTED	4555	0.5208	84226725	84226725	0	2	3.1	1
chr17	1	21851223	3	5148	0.6704	0.6715	TELOMERE	SGL	BAF_WEIGHTED	17843	0.462	1	1	1	2	3.1	1
chr17	21851224	21866054	6	0	0	0.8269	SGL	SGL	NON_DIPLOID	4	0.3917	21851224	21851224	1	5	3.1	1
chr17	21866055	21890794	4	0	0	0.7513	SGL	SGL	NON_DIPLOID	23	0.3873	21866055	21866055	1	3	3.1	1
chr17	21890795	21983692	4	0	0	0.755	SGL	SGL	BAF_WEIGHTED	4	0.3895	21890795	21890795	1	3	3.1	1
chr17	21983693	23068969	3	58	0.682	0.6832	SGL	SGL	BAF_WEIGHTED	278	0.406	21983693	21983693	1	2	3.1	1
chr17	23068970	24454701	3	0	0	0.6164	SGL	SGL	STRUCTURAL_VARIANT	0	0	23068970	23068970	1	2	3.1	1
chr17	24454702	24849829	3	0	0	0.6643	SGL	CENTROMERE	STRUCTURAL_VARIANT	0	0	24454702	24454702	1	2	3.1	1
chr17	24849830	25442834	2	0	0	0.5615	CENTROMERE	SGL	STRUCTURAL_VARIANT	0	0	24849830	24849830	1	1	3.1	1
chr17	25442835	26596603	3	0	0	0.6525	SGL	SGL	STRUCTURAL_VARIANT	0	0	25442835	25442835	1	2	3.1	1
chr17	26596604	26800012	3	0	0	0.684	SGL	SGL	BAF_WEIGHTED	66	0.3742	26596604	26596604	1	2	3.1	1
chr17	26800013	26801597	3	0	0	0.6544	SGL	SGL	STRUCTURAL_VARIANT	0	0	26800013	26800013	1	2	3.1	1
chr17	26801598	26802960	3	0	0	0.6637	SGL	SGL	STRUCTURAL_VARIANT	0	0	26801598	26801598	1	2	3.1	1
chr17	26802961	34407395	3	1305	0.6738	0.6749	SGL	SGL	BAF_WEIGHTED	6535	0.4434	26802961	26802961	1	2	3.1	1
chr17	34407396	53702018	3	2499	0.6714	0.6725	SGL	INF	BAF_WEIGHTED	16404	0.4577	34407396	34407396	1	2	3.1	1
chr17	53702019	53702019	4	0	0	0.7473	INF	SGL	STRUCTURAL_VARIANT	0	0	53702019	53702019	1	3	3.1	1
chr17	53702020	66025949	3	1650	0.6711	0.6722	SGL	SGL	BAF_WEIGHTED	11091	0.421	53702020	53702020	1	2	3.1	1
chr17	66025950	66677075	3	181	0.6726	0.6737	SGL	SGL	BAF_WEIGHTED	631	0.4163	66025950	66025950	1	2	3.1	1
chr17	66677076	83257441	3	3568	0.6723	0.6734	SGL	TELOMERE	BAF_WEIGHTED	14587	0.4743	66677076	66677076	1	2	3.1	1
chr18	1	9868619	2	2601	1	1.005	TELOMERE	BND	BAF_WEIGHTED	9301	0.4014	1	1	0	2	3.1	1
chr18	9868620	18161052	3	991	0.7083	0.7098	BND	CENTROMERE	BAF_WEIGHTED	3899	0.4295	9868620	9868620	1	2	3.1	1
chr18	18161053	20831882	10	0	0	0.9121	CENTROMERE	SGL	STRUCTURAL_VARIANT	0	0	18161053	18161053	1	9	3.1	1
chr18	20831883	47600556	3	3960	0.7041	0.7056	SGL	SGL	BAF_WEIGHTED	25406	0.3889	20831883	20831883	1	2	3.1	1
chr18	47600557	47600577	1	0	0	0.7347	SGL	SGL	STRUCTURAL_VARIANT	0	0	47600557	47600557	0	1	3.1	1
chr18	47600578	58880752	3	2624	0.7028	0.7042	SGL	SGL	BAF_WEIGHTED	10737	0.4087	47600578	47600578	1	2	3.1	1
chr18	58880753	61928836	3	477	0.6965	0.6979	SGL	SGL	BAF_WEIGHTED	2892	0.3945	58880753	58880753	1	2	3.1	1
chr18	61928837	61928838	5	0	0	0.807	SGL	SGL	STRUCTURAL_VARIANT	0	0	61928837	61928837	1	4	3.1	1
chr18	61928839	62783029	3	183	0.6976	0.699	SGL	SGL	BAF_WEIGHTED	820	0.4012	61928839	61928839	1	2	3.1	1
chr18	62783030	62783033	5	0	0	0.8186	SGL	SGL	STRUCTURAL_VARIANT	0	0	62783030	62783030	1	4	3.1	1
chr18	62783034	68712224	3	1287	0.7077	0.7092	SGL	DEL	BAF_WEIGHTED	5669	0.3622	62783034	62783034	1	2	3.1	1
chr18	68712225	68715589	2	0	0	0.6255	DEL	DEL	BAF_WEIGHTED	2	0.457	68712225	68712225	1	1	3.1	1
chr18	68715590	73557833	3	1025	0.7055	0.7069	DEL	SGL	BAF_WEIGHTED	4609	0.3639	68715590	68715590	1	2	3.1	1
chr18	73557834	73557834	4	0	0	0.7856	SGL	INF	STRUCTURAL_VARIANT	0	0	73557834	73557834	1	3	3.1	1
chr18	73557835	75609712	3	309	0.7088	0.7102	INF	SGL	BAF_WEIGHTED	1982	0.416	73557835	73557835	1	2	3.1	1
chr18	75609713	75609726	5	0	0	0.8262	SGL	SGL	STRUCTURAL_VARIANT	0	0	75609713	75609713	1	4	3.1	1
chr18	75609727	80373285	3	1242	0.7014	0.7028	SGL	TELOMERE	BAF_WEIGHTED	4196	0.4454	75609727	75609727	1	2	3.1	1
chr19	1	1493708	3	313	0.6842	0.6855	TELOMERE	SGL	BAF_WEIGHTED	643	0.5906	1	1	1	2	3.1	1
chr19	1493709	1493709	4	0	0	0.7831	SGL	INF	STRUCTURAL_VARIANT	0	0	1493709	1493709	1	3	3.1	1
chr19	1493710	2706875	3	265	0.6795	0.6808	INF	SGL	BAF_WEIGHTED	836	0.566	1493710	1493710	1	2	3.1	1
chr19	2706876	4663131	3	570	0.6859	0.6872	SGL	SGL	BAF_WEIGHTED	1515	0.5483	2706876	2706876	1	2	3.1	1
chr19	4663132	4663146	4	0	0	0.7561	SGL	SGL	STRUCTURAL_VARIANT	0	0	4663132	4663132	1	3	3.1	1
chr19	4663147	5979566	3	238	0.68	0.6813	SGL	SGL	BAF_WEIGHTED	1118	0.5298	4663147	4663147	1	2	3.1	1
chr19	5979567	5979567	4	0	0	0.7812	SGL	INF	STRUCTURAL_VARIANT	0	0	5979567	5979567	1	3	3.1	1
chr19	5979568	6995585	3	177	0.6883	0.6896	INF	SGL	BAF_WEIGHTED	924	0.4916	5979568	5979568	1	2	3.1	1
chr19	6995586	6995586	5	0	0	0.8208	SGL	INF	STRUCTURAL_VARIANT	0	0	6995586	6995586	1	4	3.1	1
chr19	6995587	7153308	3	19	0.7097	0.7112	INF	SGL	BAF_WEIGHTED	105	0.4519	6995587	6995587	1	2	3.1	1
chr19	7153309	13145665	3	1003	0.6827	0.684	SGL	BND	BAF_WEIGHTED	5242	0.4954	7153309	7153309	1	2	3.1	1
chr19	13145666	17286001	3	715	0.6812	0.6825	BND	BND	BAF_WEIGHTED	3700	0.4956	13145666	13145666	1	2	3.1	1
chr19	17286002	17286832	2	0	0	0.531	BND	BND	STRUCTURAL_VARIANT	0	0	17286002	17286002	1	1	3.1	1
chr19	17286833	23761906	3	1203	0.6842	0.6855	BND	SGL	BAF_WEIGHTED	5431	0.4559	17286833	17286833	1	2	3.1	1
chr19	23761907	23761935	2	0	0	0.5518	SGL	SGL	STRUCTURAL_VARIANT	0	0	23761907	23761907	1	1	3.1	1
chr19	23761936	25844926	3	88	0.694	0.6953	SGL	CENTROMERE	BAF_WEIGHTED	489	0.4045	23761936	23761936	1	2	3.1	1
chr19	25844927	27377678	3	30	0.6899	0.6911	CENTROMERE	SGL	BAF_WEIGHTED	71	0.3641	25844927	25844927	1	2	3.1	1
chr19	27377679	27377696	3	0	0	0.7163	SGL	SGL	STRUCTURAL_VARIANT	0	0	27377679	27377679	1	2	3.1	1
chr19	27377697	27399012	4	0	0	0.7576	SGL	SGL	STRUCTURAL_VARIANT	0	0.3662	27377697	27377697	1	3	3.1	1
chr19	27399013	33250368	3	1579	0.6839	0.6851	SGL	SGL	BAF_WEIGHTED	5466	0.4459	27399013	27399013	1	2	3.1	1
chr19	33250369	33250382	4	0	0	0.7646	SGL	SGL	STRUCTURAL_VARIANT	0	0	33250369	33250369	1	3	3.1	1
chr19	33250383	33757529	3	109	0.6818	0.683	SGL	SGL	BAF_WEIGHTED	451	0.5051	33250383	33250383	1	2	3.1	1
chr19	33757530	46752917	3	2200	0.6854	0.6867	SGL	INF	BAF_WEIGHTED	10875	0.4792	33757530	33757530	1	2	3.1	1
chr19	46752918	46752918	4	0	0	0.7614	INF	SGL	STRUCTURAL_VARIANT	0	0	46752918	46752918	1	3	3.1	1
chr19	46752919	53823134	3	1436	0.6832	0.6845	SGL	INF	BAF_WEIGHTED	5987	0.4892	46752919	46752919	1	2	3.1	1
chr19	53823135	53823135	4	0	0	0.7787	INF	SGL	STRUCTURAL_VARIANT	0	0	53823135	53823135	1	3	3.1	1
chr19	53823136	58617616	3	1173	0.6858	0.6871	SGL	TELOMERE	BAF_WEIGHTED	3927	0.4782	53823136	53823136	1	2	3.1	1
chr20	1	60009	0	0	0	1	TELOMERE	SGL	STRUCTURAL_VARIANT	0	0	1	1	0	0	3.1	1
chr20	60010	1565574	4	408	0.5356	0.5019	SGL	SGL	BAF_WEIGHTED	1411	0.4552	60010	60010	2	2	3.1	1
chr20	1565575	1565582	6	0	0	0.6824	SGL	SGL	STRUCTURAL_VARIANT	0	0	1565575	1565575	2	4	3.1	1
chr20	1565583	5525902	4	1197	0.5325	0.5009	SGL	SGL	BAF_WEIGHTED	3653	0.4529	1565583	1565583	2	2	3.1	1
chr20	5525903	5525941	5	0	0	0.6201	SGL	SGL	STRUCTURAL_VARIANT	0	0	5525903	5525903	2	3	3.1	1
chr20	5525942	6443998	4	231	0.5312	0.5006	SGL	SGL	BAF_WEIGHTED	883	0.4163	5525942	5525942	2	2	3.1	1
chr20	6443999	6443999	5	0	0	0.6143	SGL	INF	STRUCTURAL_VARIANT	0	0	6443999	6443999	2	3	3.1	1
chr20	6444000	9660322	4	752	0.5305	0.5053	INF	SGL	BAF_WEIGHTED	3099	0.3819	6444000	6444000	2	2	3.1	1
chr20	9660323	9660331	12	0	0	0.832	SGL	SGL	STRUCTURAL_VARIANT	0	0	9660323	9660323	2	10	3.1	1
chr20	9660332	13180081	4	741	0.5303	0.5036	SGL	DEL	BAF_WEIGHTED	3369	0.3902	9660332	9660332	2	2	3.1	1
chr20	13180082	13183453	2	2	1	1.0046	DEL	DEL	BAF_WEIGHTED	1	0.44	13180082	13180082	0	2	3.1	1
chr20	13183454	14982310	4	218	0.5296	0.5005	DEL	DEL	BAF_WEIGHTED	1712	0.3828	13183454	13183454	2	2	3.1	1
chr20	14982311	15008178	3	0	0	0.6824	DEL	DEL	BAF_WEIGHTED	24	0.3898	14982311	14982311	1	2	3.1	1
chr20	15008179	15019977	3	0	0	0.7351	DEL	DEL	BAF_WEIGHTED	10	0.4156	15008179	15008179	1	2	3.1	1
chr20	15019978	15033196	1	1	0.7317	0.7347	DEL	DEL	BAF_WEIGHTED	13	0.417	15019978	15019978	0	1	3.1	1
chr20	15033197	15033302	3	0	0	0.6416	DEL	DEL	STRUCTURAL_VARIANT	0	0	15033197	15033197	1	2	3.1	1
chr20	15033303	15128171	4	28	0.5336	0.5449	DEL	DEL	BAF_WEIGHTED	94	0.3793	15033303	15033303	2	2	3.1	1
chr20	15128172	19534409	4	1246	0.5328	0.5028	DEL	SGL	BAF_WEIGHTED	4196	0.4162	15128172	15128172	2	2	3.1	1
chr20	19534410	19534410	5	0	0	0.6231	SGL	INF	STRUCTURAL_VARIANT	0	0	19534410	19534410	2	3	3.1	1
chr20	19534411	23779823	4	803	0.535	0.5028	INF	SGL	BAF_WEIGHTED	3936	0.4255	19534411	19534411	2	2	3.1	1
chr20	23779824	23779835	7	0	0	0.6967	SGL	SGL	STRUCTURAL_VARIANT	0	0	23779824	23779824	2	5	3.1	1
chr20	23779836	26382939	4	713	0.5338	0.5045	SGL	SGL	BAF_WEIGHTED	1849	0.453	23779836	23779836	2	2	3.1	1
chr20	26382940	28237289	5	0	0	0.573	SGL	CENTROMERE	STRUCTURAL_VARIANT	0	0	26382940	26382940	2	3	3.1	1
chr20	28237290	28883726	4	0	0	0.5259	CENTROMERE	SGL	BAF_WEIGHTED	10	0.3628	28237290	28237290	2	2	3.1	1
chr20	28883727	28897460	6	0	0	0.6596	SGL	SGL	NON_DIPLOID	1	0.373	28883727	28883727	2	4	3.1	1
chr20	28897461	28898425	5	0	0	0.6033	SGL	SGL	STRUCTURAL_VARIANT	0	0	28897461	28897461	2	3	3.1	1
chr20	28898426	29262776	5	0	0	0.5886	SGL	SGL	NON_DIPLOID	16	0.3643	28898426	28898426	2	3	3.1	1
chr20	29262777	29731099	5	0	0	0.5834	SGL	SGL	NON_DIPLOID	17	0.3613	29262777	29262777	2	3	3.1	1
chr20	29731100	29885830	5	0	0	0.6128	SGL	SGL	NON_DIPLOID	11	0.4809	29731100	29731100	2	3	3.1	1
chr20	29885831	29885842	6	0	0	0.6441	SGL	SGL	STRUCTURAL_VARIANT	0	0	29885831	29885831	2	4	3.1	1
chr20	29885843	30462251	4	0	0	0.5483	SGL	SGL	BAF_WEIGHTED	23	0.4005	29885843	29885843	2	2	3.1	1
chr20	30462252	30856235	4	0	0	0.5309	SGL	SGL	BAF_WEIGHTED	26	0.4829	30462252	30462252	2	2	3.1	1
chr20	30856236	31161627	4	0	0	0.5239	SGL	SGL	BAF_WEIGHTED	13	0.3677	30856236	30856236	2	2	3.1	1
chr20	31161628	31176574	5	0	0	0.6175	SGL	SGL	NON_DIPLOID	13	0.3929	31161628	31161628	2	3	3.1	1
chr20	31176575	31226695	5	0	0	0.5857	SGL	SGL	NON_DIPLOID	12	0.3856	31176575	31176575	2	3	3.1	1
chr20	31226696	31237457	5	0	0	0.6249	SGL	SGL	NON_DIPLOID	10	0.3841	31226696	31226696	2	3	3.1	1
chr20	31237458	31239286	4	0	0	0.5408	SGL	SGL	BAF_WEIGHTED	1	0.382	31237458	31237458	2	2	3.1	1
chr20	31239287	31245459	7	0	0	0.7268	SGL	SGL	NON_DIPLOID	4	0.3828	31239287	31239287	2	5	3.1	1
chr20	31245460	38645824	4	645	0.5316	0.5051	SGL	BND	BAF_WEIGHTED	7007	0.4671	31245460	31245460	2	2	3.1	1
chr20	38645825	38646024	5	0	0	0.5904	BND	BND	STRUCTURAL_VARIANT	0	0	38645825	38645825	2	3	3.1	1
chr20	38646025	42039690	4	306	0.5313	0.5011	BND	INF	BAF_WEIGHTED	3246	0.4279	38646025	38646025	2	2	3.1	1
chr20	42039691	42039691	5	0	0	0.607	INF	SGL	STRUCTURAL_VARIANT	0	0	42039691	42039691	2	3	3.1	1
chr20	42039692	42405001	4	63	0.5333	0.5052	SGL	SGL	BAF_WEIGHTED	356	0.4295	42039692	42039692	2	2	3.1	1
chr20	42405002	47896060	4	1103	0.5307	0.5052	SGL	SGL	BAF_WEIGHTED	5220	0.4539	42405002	42405002	2	2	3.1	1
chr20	47896061	48918076	4	234	0.5331	0.5024	SGL	SGL	BAF_WEIGHTED	927	0.4776	47896061	47896061	2	2	3.1	1
chr20	48918077	48918105	5	0	0	0.5891	SGL	SGL	STRUCTURAL_VARIANT	0	0	48918077	48918077	2	3	3.1	1
chr20	48918106	54005303	4	1306	0.5349	0.5063	SGL	SGL	BAF_WEIGHTED	4912	0.4505	48918106	48918106	2	2	3.1	1
chr20	54005304	54005334	5	0	0	0.6279	SGL	SGL	STRUCTURAL_VARIANT	0	0	54005304	54005304	2	3	3.1	1
chr20	54005335	56284311	4	387	0.5356	0.5038	SGL	SGL	BAF_WEIGHTED	2147	0.3905	54005335	54005335	2	2	3.1	1
chr20	56284312	56284361	5	0	0	0.5964	SGL	SGL	STRUCTURAL_VARIANT	0	0	56284312	56284312	2	3	3.1	1
chr20	56284362	56710789	4	95	0.5339	0.5051	SGL	SGL	BAF_WEIGHTED	404	0.4593	56284362	56284362	2	2	3.1	1
chr20	56710790	61795065	4	1172	0.5341	0.5084	SGL	SGL	BAF_WEIGHTED	4878	0.4654	56710790	56710790	2	2	3.1	1
chr20	61795066	61795137	6	0	0	0.6709	SGL	SGL	STRUCTURAL_VARIANT	0	0	61795066	61795066	2	4	3.1	1
chr20	61795138	61823298	4	3	0.5207	0.5171	SGL	SGL	BAF_WEIGHTED	24	0.5625	61795138	61795138	2	2	3.1	1
chr20	61823299	61823304	2	0	0	0.8052	SGL	SGL	STRUCTURAL_VARIANT	0	0	61823299	61823299	0	2	3.1	1
chr20	61823305	62382278	4	105	0.5315	0.5053	SGL	SGL	BAF_WEIGHTED	392	0.5515	61823305	61823305	2	2	3.1	1
chr20	62382279	62382304	5	0	0	0.5885	SGL	SGL	STRUCTURAL_VARIANT	0	0	62382279	62382279	2	3	3.1	1
chr20	62382305	64444167	4	385	0.5345	0.5178	SGL	TELOMERE	BAF_WEIGHTED	1146	0.5657	62382305	62382305	2	2	3.1	1
chr21	1	9839394	3	0	0	0.6718	TELOMERE	SGL	LONG_ARM	9	0.4252	1	1	1	2	3.1	1
chr21	9839395	10378188	3	0	0	0.6718	SGL	SGL	LONG_ARM	1	0.1725	9839395	9839395	1	2	3.1	1
chr21	10378189	10670514	3	0	0	0.6718	SGL	SGL	LONG_ARM	22	0.4133	10378189	10378189	1	2	3.1	1
chr21	10670515	10675198	3	0	0	0.6718	SGL	SGL	LONG_ARM	4	0.3985	10670515	10670515	1	2	3.1	1
chr21	10675199	10739189	3	0	0	0.6718	SGL	SGL	LONG_ARM	60	0.4214	10675199	10675199	1	2	3.1	1
chr21	10739190	10777986	3	0	0	0.6718	SGL	SGL	LONG_ARM	4	0.3642	10739190	10739190	1	2	3.1	1
chr21	10777987	11890183	3	0	0	0.6718	SGL	CENTROMERE	LONG_ARM	0	0	10777987	10777987	1	2	3.1	1
chr21	11890184	19952210	3	1557	0.6706	0.6718	CENTROMERE	SGL	BAF_WEIGHTED	5576	0.3644	11890184	11890184	1	2	3.1	1
chr21	19952211	19952223	5	0	0	0.8188	SGL	SGL	STRUCTURAL_VARIANT	0	0	19952211	19952211	1	4	3.1	1
chr21	19952224	20579947	3	183	0.6705	0.6717	SGL	INF	BAF_WEIGHTED	607	0.3509	19952224	19952224	1	2	3.1	1
chr21	20579948	20579948	4	0	0	0.7702	INF	SGL	STRUCTURAL_VARIANT	0	0	20579948	20579948	1	3	3.1	1
chr21	20579949	35865630	3	2740	0.6694	0.6705	SGL	SGL	BAF_WEIGHTED	14515	0.386	20579949	20579949	1	2	3.1	1
chr21	35865631	41446814	3	1775	0.6704	0.6715	SGL	DEL	BAF_WEIGHTED	5364	0.431	35865631	35865631	1	2	3.1	1
chr21	41446815	41448906	3	0	0	0.6389	DEL	DEL	BAF_WEIGHTED	1	0.494	41446815	41446815	1	2	3.1	1
chr21	41448907	45810245	3	916	0.6715	0.6726	DEL	INF	BAF_WEIGHTED	3177	0.5051	41448907	41448907	1	2	3.1	1
chr21	45810246	45810246	4	0	0	0.7624	INF	SGL	STRUCTURAL_VARIANT	0	0	45810246	45810246	1	3	3.1	1
chr21	45810247	46477540	3	114	0.6667	0.6678	SGL	INF	BAF_WEIGHTED	500	0.5198	45810247	45810247	1	2	3.1	1
chr21	46477541	46477541	4	0	0	0.7618	INF	SGL	STRUCTURAL_VARIANT	0	0	46477541	46477541	1	3	3.1	1
chr21	46477542	46709983	3	28	0.6989	0.7003	SGL	TELOMERE	BAF_WEIGHTED	191	0.4428	46477542	46477542	1	2	3.1	1
chr22	1	14004552	4	0	0	0.5401	TELOMERE	CENTROMERE	BAF_WEIGHTED	1	0.339	1	1	2	2	3.1	1
chr22	14004553	20322799	4	681	0.534	0.5058	CENTROMERE	SGL	BAF_WEIGHTED	2180	0.49	14004553	14004553	2	2	3.1	1
chr22	20322800	21598195	4	101	0.5353	0.5069	SGL	SGL	BAF_WEIGHTED	651	0.4958	20322800	20322800	2	2	3.1	1
chr22	21598196	21598196	5	0	0	0.6067	SGL	INF	STRUCTURAL_VARIANT	0	0	21598196	21598196	2	3	3.1	1
chr22	21598197	32899101	4	1752	0.5315	0.5055	INF	SGL	BAF_WEIGHTED	9787	0.4653	21598197	21598197	2	2	3.1	1
chr22	32899102	32899123	6	0	0	0.6715	SGL	SGL	STRUCTURAL_VARIANT	0	0	32899102	32899102	2	4	3.1	1
chr22	32899124	33363263	4	120	0.5362	0.5031	SGL	DEL	BAF_WEIGHTED	453	0.4349	32899124	32899124	2	2	3.1	1
chr22	33363264	33442412	3	0	0	0.6628	DEL	DEL	BAF_WEIGHTED	77	0.4314	33363264	33363264	1	2	3.1	1
chr22	33442413	34811282	4	225	0.5315	0.5095	DEL	SGL	BAF_WEIGHTED	1316	0.4221	33442413	33442413	2	2	3.1	1
chr22	34811283	36053605	4	375	0.5326	0.5017	SGL	SGL	BAF_WEIGHTED	1182	0.4523	34811283	34811283	2	2	3.1	1
chr22	36053606	36053606	5	0	0	0.6285	SGL	INF	STRUCTURAL_VARIANT	0	0	36053606	36053606	2	3	3.1	1
chr22	36053607	41300479	4	1190	0.5338	0.505	INF	INF	BAF_WEIGHTED	4723	0.4926	36053607	36053607	2	2	3.1	1
chr22	41300480	41300480	8	0	0	0.7541	INF	SGL	STRUCTURAL_VARIANT	0	0	41300480	41300480	2	6	3.1	1
chr22	41300481	43374140	4	620	0.5327	0.5061	SGL	SGL	BAF_WEIGHTED	1807	0.5071	41300481	41300481	2	2	3.1	1
chr22	43374141	43374141	6	0	0	0.6543	SGL	INF	STRUCTURAL_VARIANT	0	0	43374141	43374141	2	4	3.1	1
chr22	43374142	44912896	4	352	0.5336	0.5053	INF	INF	BAF_WEIGHTED	1399	0.4998	43374142	43374142	2	2	3.1	1
chr22	44912897	44912897	5	0	0	0.6123	INF	SGL	STRUCTURAL_VARIANT	0	0	44912897	44912897	2	3	3.1	1
chr22	44912898	47837594	4	733	0.5315	0.5011	SGL	SGL	BAF_WEIGHTED	2580	0.4965	44912898	44912898	2	2	3.1	1
chr22	47837595	47837610	5	0	0	0.5693	SGL	SGL	STRUCTURAL_VARIANT	0	0	47837595	47837595	2	3	3.1	1
chr22	47837611	50818468	4	635	0.5333	0.5053	SGL	TELOMERE	BAF_WEIGHTED	2333	0.5151	47837611	47837611	2	2	3.1	1
chrX	1	2320530	1	0	0	1	TELOMERE	SGL	BAF_WEIGHTED	4	0.27	1	1	0	1	3.1	1
chrX	2320531	22726660	2	0	0	1	SGL	SGL	BAF_WEIGHTED	18514	0.4016	2320531	2320531	0	2	3.1	1
chrX	22726661	27299096	2	0	0	1	SGL	SGL	BAF_WEIGHTED	4284	0.3862	22726661	22726661	0	2	3.1	1
chrX	27299097	29913391	2	0	0	1	SGL	INF	BAF_WEIGHTED	2488	0.3611	27299097	27299097	0	2	3.1	1
chrX	29913392	29913392	3	0	0	1	INF	SGL	STRUCTURAL_VARIANT	0	0	29913392	29913392	0	3	3.1	1
chrX	29913393	31178826	2	0	0	1	SGL	DEL	BAF_WEIGHTED	1167	0.388	29913393	29913393	0	2	3.1	1
chrX	31178827	31198093	1	0	0	1	DEL	DEL	BAF_WEIGHTED	18	0.3888	31178827	31178827	0	1	3.1	1
chrX	31198094	31283086	2	0	0	1	DEL	DEL	BAF_WEIGHTED	83	0.394	31198094	31198094	0	2	3.1	1
chrX	31283087	32020632	1	0	0	1	DEL	DEL	BAF_WEIGHTED	696	0.3685	31283087	31283087	0	1	3.1	1
chrX	32020633	32059738	2	0	0	1	DEL	DEL	BAF_WEIGHTED	37	0.3514	32020633	32020633	0	2	3.1	1
chrX	32059739	32080415	1	0	0	1	DEL	DEL	BAF_WEIGHTED	19	0.3537	32059739	32059739	0	1	3.1	1
chrX	32080416	32183134	0	0	0	1	DEL	DEL	BAF_WEIGHTED	100	0.3702	32080416	32080416	0	0	3.1	1
chrX	32183135	32274979	1	0	0	1	DEL	DEL	BAF_WEIGHTED	85	0.3542	32183135	32183135	0	1	3.1	1
chrX	32274980	34041661	2	0	0	1	DEL	DEL	BAF_WEIGHTED	1714	0.3559	32274980	32274980	0	2	3.1	1
chrX	34041662	34044587	0	0	0	1	DEL	DEL	BAF_WEIGHTED	1	0.385	34041662	34041662	0	0	3.1	1
chrX	34044588	60509060	2	0	0	1	DEL	CENTROMERE	BAF_WEIGHTED	20885	0.4064	34044588	34044588	0	2	3.1	1
chrX	60509061	62506010	1	0	0	1	CENTROMERE	SGL	STRUCTURAL_VARIANT	0	0	60509061	60509061	0	1	3.1	1
chrX	62506011	67300684	2	0	0	1	SGL	SGL	BAF_WEIGHTED	3899	0.388	62506011	62506011	0	2	3.1	1
chrX	67300685	67300690	1	0	0	1	SGL	SGL	STRUCTURAL_VARIANT	0	0	67300685	67300685	0	1	3.1	1
chrX	67300691	126533436	2	0	0	1	SGL	INF	BAF_WEIGHTED	49301	0.3823	67300691	67300691	0	2	3.1	1
chrX	126533437	126533437	3	0	0	1	INF	SGL	STRUCTURAL_VARIANT	0	0	126533437	126533437	0	3	3.1	1
chrX	126533438	131467135	2	0	0	1	SGL	SGL	BAF_WEIGHTED	4504	0.3863	126533438	126533438	0	2	3.1	1
chrX	131467136	156040895	2	0	0	1	SGL	TELOMERE	BAF_WEIGHTED	20643	0.3999	131467136	131467136	0	2	3.1	1
chrY	1	10430491	0	0	0	1	TELOMERE	CENTROMERE	BAF_WEIGHTED	2592	0.4085	1	1	0	0	3.1	1
chrY	10430492	10632532	0	0	0	1	CENTROMERE	SGL	STRUCTURAL_VARIANT	0	0.3763	10430492	10430492	0	0	3.1	1
chrY	10632533	10776610	0	0	0	1	SGL	SGL	STRUCTURAL_VARIANT	0	0.4504	10632533	10632533	0	0	3.1	1
chrY	10776611	10926866	0	0	0	1	SGL	SGL	STRUCTURAL_VARIANT	0	0.4423	10776611	10776611	0	0	3.1	1
chrY	10926867	10927215	0	0	0	1	SGL	SGL	STRUCTURAL_VARIANT	0	0	10926867	10926867	0	0	3.1	1
chrY	10927216	10927244	0	0	0	1	SGL	SGL	STRUCTURAL_VARIANT	0	0	10927216	10927216	0	0	3.1	1
chrY	10927245	11003265	0	0	0	1	SGL	SGL	STRUCTURAL_VARIANT	0	0.4645	10927245	10927245	0	0	3.1	1
chrY	11003266	11687980	0	0	0	1	SGL	SGL	BAF_WEIGHTED	19	0.4988	11003266	11003266	0	0	3.1	1
chrY	11687981	11709393	0	0	0	1	SGL	SGL	STRUCTURAL_VARIANT	0	0.3794	11687981	11687981	0	0	3.1	1
chrY	11709394	11725327	0	0	0	1	SGL	SGL	BAF_WEIGHTED	7	0.378	11709394	11709394	0	0	3.1	1
chrY	11725328	26639333	0	0	0	1	SGL	SGL	BAF_WEIGHTED	6836	0.3864	11725328	11725328	0	0	3.1	1
chrY	26639334	56851299	0	0	0	1	SGL	SGL	STRUCTURAL_VARIANT	0	0.429	26639334	26639334	0	0	3.1	1
chrY	56851300	57227415	0	0	0	1	SGL	TELOMERE	STRUCTURAL_VARIANT	0	0	56851300	56851300	0	0	3.1	1
